timestamp,commune,pm2_5,pm10,latitude,longitude,source
2025-06-01T00:00,estacion-central,110.4,110.8,-33.459,-70.699,open-meteo
2025-06-01T01:00,estacion-central,108.0,111.1,-33.459,-70.699,open-meteo
2025-06-01T02:00,estacion-central,100.6,102.9,-33.459,-70.699,open-meteo
2025-06-01T03:00,estacion-central,93.8,95.7,-33.459,-70.699,open-meteo
2025-06-01T04:00,estacion-central,85.2,86.8,-33.459,-70.699,open-meteo
2025-06-01T05:00,estacion-central,72.4,73.8,-33.459,-70.699,open-meteo
2025-06-01T06:00,estacion-central,59.5,60.5,-33.459,-70.699,open-meteo
2025-06-01T07:00,estacion-central,47.7,48.3,-33.459,-70.699,open-meteo
2025-06-01T08:00,estacion-central,37.6,38.0,-33.459,-70.699,open-meteo
2025-06-01T09:00,estacion-central,29.6,29.7,-33.459,-70.699,open-meteo
2025-06-01T10:00,estacion-central,24.6,24.6,-33.459,-70.699,open-meteo
2025-06-01T11:00,estacion-central,26.7,26.7,-33.459,-70.699,open-meteo
2025-06-01T12:00,estacion-central,34.5,34.5,-33.459,-70.699,open-meteo
2025-06-01T13:00,estacion-central,56.5,56.5,-33.459,-70.699,open-meteo
2025-06-01T14:00,estacion-central,73.3,73.6,-33.459,-70.699,open-meteo
2025-06-01T15:00,estacion-central,88.5,89.9,-33.459,-70.699,open-meteo
2025-06-01T16:00,estacion-central,96.4,98.5,-33.459,-70.699,open-meteo
2025-06-01T17:00,estacion-central,64.3,64.5,-33.459,-70.699,open-meteo
2025-06-01T18:00,estacion-central,59.4,59.4,-33.459,-70.699,open-meteo
2025-06-01T19:00,estacion-central,69.8,69.8,-33.459,-70.699,open-meteo
2025-06-01T20:00,estacion-central,81.3,81.3,-33.459,-70.699,open-meteo
2025-06-01T21:00,estacion-central,96.9,97.1,-33.459,-70.699,open-meteo
2025-06-01T22:00,estacion-central,114.6,114.8,-33.459,-70.699,open-meteo
2025-06-01T23:00,estacion-central,127.1,127.1,-33.459,-70.699,open-meteo
2025-06-02T00:00,estacion-central,141.1,141.6,-33.459,-70.699,open-meteo
2025-06-02T01:00,estacion-central,151.3,151.8,-33.459,-70.699,open-meteo
2025-06-02T02:00,estacion-central,158.8,159.7,-33.459,-70.699,open-meteo
2025-06-02T03:00,estacion-central,163.0,164.8,-33.459,-70.699,open-meteo
2025-06-02T04:00,estacion-central,149.9,151.8,-33.459,-70.699,open-meteo
2025-06-02T05:00,estacion-central,131.8,134.1,-33.459,-70.699,open-meteo
2025-06-02T06:00,estacion-central,110.8,113.4,-33.459,-70.699,open-meteo
2025-06-02T07:00,estacion-central,92.2,94.5,-33.459,-70.699,open-meteo
2025-06-02T08:00,estacion-central,76.6,78.5,-33.459,-70.699,open-meteo
2025-06-02T09:00,estacion-central,63.8,65.2,-33.459,-70.699,open-meteo
2025-06-02T10:00,estacion-central,54.1,55.2,-33.459,-70.699,open-meteo
2025-06-02T11:00,estacion-central,52.3,53.0,-33.459,-70.699,open-meteo
2025-06-02T12:00,estacion-central,47.4,47.4,-33.459,-70.699,open-meteo
2025-06-02T13:00,estacion-central,66.8,66.8,-33.459,-70.699,open-meteo
2025-06-02T14:00,estacion-central,76.8,77.1,-33.459,-70.699,open-meteo
2025-06-02T15:00,estacion-central,80.3,81.0,-33.459,-70.699,open-meteo
2025-06-02T16:00,estacion-central,95.7,97.8,-33.459,-70.699,open-meteo
2025-06-02T17:00,estacion-central,122.5,125.7,-33.459,-70.699,open-meteo
2025-06-02T18:00,estacion-central,151.8,155.1,-33.459,-70.699,open-meteo
2025-06-02T19:00,estacion-central,192.8,195.1,-33.459,-70.699,open-meteo
2025-06-02T20:00,estacion-central,217.0,218.4,-33.459,-70.699,open-meteo
2025-06-02T21:00,estacion-central,202.6,204.0,-33.459,-70.699,open-meteo
2025-06-02T22:00,estacion-central,174.6,176.5,-33.459,-70.699,open-meteo
2025-06-02T23:00,estacion-central,157.9,160.2,-33.459,-70.699,open-meteo
2025-06-03T00:00,estacion-central,172.3,175.6,-33.459,-70.699,open-meteo
2025-06-03T01:00,estacion-central,169.5,173.7,-33.459,-70.699,open-meteo
2025-06-03T02:00,estacion-central,160.2,164.8,-33.459,-70.699,open-meteo
2025-06-03T03:00,estacion-central,150.4,155.1,-33.459,-70.699,open-meteo
2025-06-03T04:00,estacion-central,142.5,147.1,-33.459,-70.699,open-meteo
2025-06-03T05:00,estacion-central,135.5,139.2,-33.459,-70.699,open-meteo
2025-06-03T06:00,estacion-central,124.3,128.1,-33.459,-70.699,open-meteo
2025-06-03T07:00,estacion-central,108.7,112.2,-33.459,-70.699,open-meteo
2025-06-03T08:00,estacion-central,94.1,97.1,-33.459,-70.699,open-meteo
2025-06-03T09:00,estacion-central,81.7,84.8,-33.459,-70.699,open-meteo
2025-06-03T10:00,estacion-central,73.6,76.4,-33.459,-70.699,open-meteo
2025-06-03T11:00,estacion-central,72.9,75.4,-33.459,-70.699,open-meteo
2025-06-03T12:00,estacion-central,84.5,86.8,-33.459,-70.699,open-meteo
2025-06-03T13:00,estacion-central,109.4,111.5,-33.459,-70.699,open-meteo
2025-06-03T14:00,estacion-central,105.5,108.5,-33.459,-70.699,open-meteo
2025-06-03T15:00,estacion-central,117.3,121.1,-33.459,-70.699,open-meteo
2025-06-03T16:00,estacion-central,116.4,120.1,-33.459,-70.699,open-meteo
2025-06-03T17:00,estacion-central,135.0,137.8,-33.459,-70.699,open-meteo
2025-06-03T18:00,estacion-central,138.3,139.7,-33.459,-70.699,open-meteo
2025-06-03T19:00,estacion-central,145.3,145.8,-33.459,-70.699,open-meteo
2025-06-03T20:00,estacion-central,154.1,154.6,-33.459,-70.699,open-meteo
2025-06-03T21:00,estacion-central,158.8,159.3,-33.459,-70.699,open-meteo
2025-06-03T22:00,estacion-central,170.0,170.9,-33.459,-70.699,open-meteo
2025-06-03T23:00,estacion-central,182.5,184.4,-33.459,-70.699,open-meteo
2025-06-04T00:00,estacion-central,165.8,168.1,-33.459,-70.699,open-meteo
2025-06-04T01:00,estacion-central,161.6,163.9,-33.459,-70.699,open-meteo
2025-06-04T02:00,estacion-central,152.7,154.6,-33.459,-70.699,open-meteo
2025-06-04T03:00,estacion-central,150.9,153.7,-33.459,-70.699,open-meteo
2025-06-04T04:00,estacion-central,147.6,150.9,-33.459,-70.699,open-meteo
2025-06-04T05:00,estacion-central,137.4,139.7,-33.459,-70.699,open-meteo
2025-06-04T06:00,estacion-central,128.1,130.9,-33.459,-70.699,open-meteo
2025-06-04T07:00,estacion-central,123.9,126.2,-33.459,-70.699,open-meteo
2025-06-04T08:00,estacion-central,121.5,123.4,-33.459,-70.699,open-meteo
2025-06-04T09:00,estacion-central,118.5,120.6,-33.459,-70.699,open-meteo
2025-06-04T10:00,estacion-central,115.0,117.3,-33.459,-70.699,open-meteo
2025-06-04T11:00,estacion-central,116.9,119.7,-33.459,-70.699,open-meteo
2025-06-04T12:00,estacion-central,105.9,109.4,-33.459,-70.699,open-meteo
2025-06-04T13:00,estacion-central,114.3,118.0,-33.459,-70.699,open-meteo
2025-06-04T14:00,estacion-central,136.4,140.6,-33.459,-70.699,open-meteo
2025-06-04T15:00,estacion-central,131.3,134.6,-33.459,-70.699,open-meteo
2025-06-04T16:00,estacion-central,111.5,111.8,-33.459,-70.699,open-meteo
2025-06-04T17:00,estacion-central,97.8,98.0,-33.459,-70.699,open-meteo
2025-06-04T18:00,estacion-central,85.2,85.4,-33.459,-70.699,open-meteo
2025-06-04T19:00,estacion-central,78.0,78.5,-33.459,-70.699,open-meteo
2025-06-04T20:00,estacion-central,75.2,75.4,-33.459,-70.699,open-meteo
2025-06-04T21:00,estacion-central,86.1,86.1,-33.459,-70.699,open-meteo
2025-06-04T22:00,estacion-central,104.8,105.0,-33.459,-70.699,open-meteo
2025-06-04T23:00,estacion-central,120.1,120.1,-33.459,-70.699,open-meteo
2025-06-05T00:00,estacion-central,128.5,129.0,-33.459,-70.699,open-meteo
2025-06-05T01:00,estacion-central,114.1,114.8,-33.459,-70.699,open-meteo
2025-06-05T02:00,estacion-central,113.9,115.5,-33.459,-70.699,open-meteo
2025-06-05T03:00,estacion-central,112.9,115.7,-33.459,-70.699,open-meteo
2025-06-05T04:00,estacion-central,110.1,113.6,-33.459,-70.699,open-meteo
2025-06-05T05:00,estacion-central,109.2,112.7,-33.459,-70.699,open-meteo
2025-06-05T06:00,estacion-central,109.7,113.2,-33.459,-70.699,open-meteo
2025-06-05T07:00,estacion-central,100.1,103.4,-33.459,-70.699,open-meteo
2025-06-05T08:00,estacion-central,88.9,91.7,-33.459,-70.699,open-meteo
2025-06-05T09:00,estacion-central,76.6,79.2,-33.459,-70.699,open-meteo
2025-06-05T10:00,estacion-central,65.7,68.0,-33.459,-70.699,open-meteo
2025-06-05T11:00,estacion-central,61.9,63.8,-33.459,-70.699,open-meteo
2025-06-05T12:00,estacion-central,55.1,55.4,-33.459,-70.699,open-meteo
2025-06-05T13:00,estacion-central,72.6,72.9,-33.459,-70.699,open-meteo
2025-06-05T14:00,estacion-central,87.3,88.0,-33.459,-70.699,open-meteo
2025-06-05T15:00,estacion-central,102.0,103.6,-33.459,-70.699,open-meteo
2025-06-05T16:00,estacion-central,62.4,63.3,-33.459,-70.699,open-meteo
2025-06-05T17:00,estacion-central,58.1,58.6,-33.459,-70.699,open-meteo
2025-06-05T18:00,estacion-central,63.3,63.8,-33.459,-70.699,open-meteo
2025-06-05T19:00,estacion-central,65.7,65.9,-33.459,-70.699,open-meteo
2025-06-05T20:00,estacion-central,71.9,72.2,-33.459,-70.699,open-meteo
2025-06-05T21:00,estacion-central,95.7,95.9,-33.459,-70.699,open-meteo
2025-06-05T22:00,estacion-central,119.2,119.2,-33.459,-70.699,open-meteo
2025-06-05T23:00,estacion-central,137.8,137.8,-33.459,-70.699,open-meteo
2025-06-06T00:00,estacion-central,138.8,139.2,-33.459,-70.699,open-meteo
2025-06-06T01:00,estacion-central,141.6,142.0,-33.459,-70.699,open-meteo
2025-06-06T02:00,estacion-central,142.5,143.9,-33.459,-70.699,open-meteo
2025-06-06T03:00,estacion-central,146.2,148.5,-33.459,-70.699,open-meteo
2025-06-06T04:00,estacion-central,150.9,154.1,-33.459,-70.699,open-meteo
2025-06-06T05:00,estacion-central,142.5,145.8,-33.459,-70.699,open-meteo
2025-06-06T06:00,estacion-central,123.9,126.7,-33.459,-70.699,open-meteo
2025-06-06T07:00,estacion-central,108.5,111.3,-33.459,-70.699,open-meteo
2025-06-06T08:00,estacion-central,93.8,96.4,-33.459,-70.699,open-meteo
2025-06-06T09:00,estacion-central,82.2,84.5,-33.459,-70.699,open-meteo
2025-06-06T10:00,estacion-central,72.9,75.2,-33.459,-70.699,open-meteo
2025-06-06T11:00,estacion-central,71.7,74.3,-33.459,-70.699,open-meteo
2025-06-06T12:00,estacion-central,56.6,56.7,-33.459,-70.699,open-meteo
2025-06-06T13:00,estacion-central,74.7,74.7,-33.459,-70.699,open-meteo
2025-06-06T14:00,estacion-central,92.2,92.9,-33.459,-70.699,open-meteo
2025-06-06T15:00,estacion-central,88.5,91.0,-33.459,-70.699,open-meteo
2025-06-06T16:00,estacion-central,59.6,60.5,-33.459,-70.699,open-meteo
2025-06-06T17:00,estacion-central,61.7,61.7,-33.459,-70.699,open-meteo
2025-06-06T18:00,estacion-central,58.3,58.4,-33.459,-70.699,open-meteo
2025-06-06T19:00,estacion-central,53.8,53.8,-33.459,-70.699,open-meteo
2025-06-06T20:00,estacion-central,56.2,56.2,-33.459,-70.699,open-meteo
2025-06-06T21:00,estacion-central,67.3,67.5,-33.459,-70.699,open-meteo
2025-06-06T22:00,estacion-central,82.4,82.7,-33.459,-70.699,open-meteo
2025-06-06T23:00,estacion-central,94.3,94.5,-33.459,-70.699,open-meteo
2025-06-07T00:00,estacion-central,100.8,101.5,-33.459,-70.699,open-meteo
2025-06-07T01:00,estacion-central,109.9,110.6,-33.459,-70.699,open-meteo
2025-06-07T02:00,estacion-central,118.7,119.7,-33.459,-70.699,open-meteo
2025-06-07T03:00,estacion-central,110.1,110.8,-33.459,-70.699,open-meteo
2025-06-07T04:00,estacion-central,105.7,106.4,-33.459,-70.699,open-meteo
2025-06-07T05:00,estacion-central,105.2,106.2,-33.459,-70.699,open-meteo
2025-06-07T06:00,estacion-central,106.9,107.6,-33.459,-70.699,open-meteo
2025-06-07T07:00,estacion-central,107.3,108.3,-33.459,-70.699,open-meteo
2025-06-07T08:00,estacion-central,105.0,105.7,-33.459,-70.699,open-meteo
2025-06-07T09:00,estacion-central,95.9,96.6,-33.459,-70.699,open-meteo
2025-06-07T10:00,estacion-central,85.7,86.8,-33.459,-70.699,open-meteo
2025-06-07T11:00,estacion-central,81.7,83.4,-33.459,-70.699,open-meteo
2025-06-07T12:00,estacion-central,71.7,71.9,-33.459,-70.699,open-meteo
2025-06-07T13:00,estacion-central,78.0,78.5,-33.459,-70.699,open-meteo
2025-06-07T14:00,estacion-central,91.5,92.0,-33.459,-70.699,open-meteo
2025-06-07T15:00,estacion-central,97.6,98.0,-33.459,-70.699,open-meteo
2025-06-07T16:00,estacion-central,100.4,100.8,-33.459,-70.699,open-meteo
2025-06-07T17:00,estacion-central,94.1,94.3,-33.459,-70.699,open-meteo
2025-06-07T18:00,estacion-central,84.5,84.8,-33.459,-70.699,open-meteo
2025-06-07T19:00,estacion-central,75.9,76.4,-33.459,-70.699,open-meteo
2025-06-07T20:00,estacion-central,74.3,74.5,-33.459,-70.699,open-meteo
2025-06-07T21:00,estacion-central,89.2,89.4,-33.459,-70.699,open-meteo
2025-06-07T22:00,estacion-central,107.6,108.0,-33.459,-70.699,open-meteo
2025-06-07T23:00,estacion-central,122.0,122.0,-33.459,-70.699,open-meteo
2025-06-08T00:00,estacion-central,128.1,128.5,-33.459,-70.699,open-meteo
2025-06-08T01:00,estacion-central,133.6,134.1,-33.459,-70.699,open-meteo
2025-06-08T02:00,estacion-central,140.6,141.1,-33.459,-70.699,open-meteo
2025-06-08T03:00,estacion-central,150.9,151.3,-33.459,-70.699,open-meteo
2025-06-08T04:00,estacion-central,142.0,143.0,-33.459,-70.699,open-meteo
2025-06-08T05:00,estacion-central,122.9,123.9,-33.459,-70.699,open-meteo
2025-06-08T06:00,estacion-central,112.9,113.6,-33.459,-70.699,open-meteo
2025-06-08T07:00,estacion-central,107.6,108.3,-33.459,-70.699,open-meteo
2025-06-08T08:00,estacion-central,103.6,104.5,-33.459,-70.699,open-meteo
2025-06-08T09:00,estacion-central,101.0,102.0,-33.459,-70.699,open-meteo
2025-06-08T10:00,estacion-central,102.0,102.9,-33.459,-70.699,open-meteo
2025-06-08T11:00,estacion-central,102.2,102.9,-33.459,-70.699,open-meteo
2025-06-08T12:00,estacion-central,67.3,67.3,-33.459,-70.699,open-meteo
2025-06-08T13:00,estacion-central,83.4,83.6,-33.459,-70.699,open-meteo
2025-06-08T14:00,estacion-central,98.7,99.4,-33.459,-70.699,open-meteo
2025-06-08T15:00,estacion-central,110.8,112.7,-33.459,-70.699,open-meteo
2025-06-08T16:00,estacion-central,82.0,84.5,-33.459,-70.699,open-meteo
2025-06-08T17:00,estacion-central,84.5,85.7,-33.459,-70.699,open-meteo
2025-06-08T18:00,estacion-central,71.5,71.9,-33.459,-70.699,open-meteo
2025-06-08T19:00,estacion-central,70.3,70.5,-33.459,-70.699,open-meteo
2025-06-08T20:00,estacion-central,78.9,79.2,-33.459,-70.699,open-meteo
2025-06-08T21:00,estacion-central,98.3,98.5,-33.459,-70.699,open-meteo
2025-06-08T22:00,estacion-central,120.6,120.6,-33.459,-70.699,open-meteo
2025-06-08T23:00,estacion-central,135.5,136.4,-33.459,-70.699,open-meteo
2025-06-09T00:00,estacion-central,124.3,125.7,-33.459,-70.699,open-meteo
2025-06-09T01:00,estacion-central,128.5,132.2,-33.459,-70.699,open-meteo
2025-06-09T02:00,estacion-central,128.1,131.3,-33.459,-70.699,open-meteo
2025-06-09T03:00,estacion-central,131.8,134.6,-33.459,-70.699,open-meteo
2025-06-09T04:00,estacion-central,128.5,130.9,-33.459,-70.699,open-meteo
2025-06-09T05:00,estacion-central,115.0,117.1,-33.459,-70.699,open-meteo
2025-06-09T06:00,estacion-central,99.7,101.7,-33.459,-70.699,open-meteo
2025-06-09T07:00,estacion-central,86.1,87.8,-33.459,-70.699,open-meteo
2025-06-09T08:00,estacion-central,72.9,74.3,-33.459,-70.699,open-meteo
2025-06-09T09:00,estacion-central,60.1,61.2,-33.459,-70.699,open-meteo
2025-06-09T10:00,estacion-central,49.9,50.8,-33.459,-70.699,open-meteo
2025-06-09T11:00,estacion-central,47.4,47.8,-33.459,-70.699,open-meteo
2025-06-09T12:00,estacion-central,49.1,49.1,-33.459,-70.699,open-meteo
2025-06-09T13:00,estacion-central,67.3,67.3,-33.459,-70.699,open-meteo
2025-06-09T14:00,estacion-central,80.8,81.0,-33.459,-70.699,open-meteo
2025-06-09T15:00,estacion-central,91.7,92.7,-33.459,-70.699,open-meteo
2025-06-09T16:00,estacion-central,110.8,113.6,-33.459,-70.699,open-meteo
2025-06-09T17:00,estacion-central,66.4,67.3,-33.459,-70.699,open-meteo
2025-06-09T18:00,estacion-central,65.4,65.7,-33.459,-70.699,open-meteo
2025-06-09T19:00,estacion-central,75.0,75.0,-33.459,-70.699,open-meteo
2025-06-09T20:00,estacion-central,95.5,95.5,-33.459,-70.699,open-meteo
2025-06-09T21:00,estacion-central,119.2,119.7,-33.459,-70.699,open-meteo
2025-06-09T22:00,estacion-central,134.6,135.5,-33.459,-70.699,open-meteo
2025-06-09T23:00,estacion-central,138.3,141.1,-33.459,-70.699,open-meteo
2025-06-10T00:00,estacion-central,122.0,125.7,-33.459,-70.699,open-meteo
2025-06-10T01:00,estacion-central,118.5,121.1,-33.459,-70.699,open-meteo
2025-06-10T02:00,estacion-central,114.3,116.2,-33.459,-70.699,open-meteo
2025-06-10T03:00,estacion-central,109.0,110.6,-33.459,-70.699,open-meteo
2025-06-10T04:00,estacion-central,99.9,101.0,-33.459,-70.699,open-meteo
2025-06-10T05:00,estacion-central,86.4,87.1,-33.459,-70.699,open-meteo
2025-06-10T06:00,estacion-central,72.4,72.6,-33.459,-70.699,open-meteo
2025-06-10T07:00,estacion-central,58.7,58.8,-33.459,-70.699,open-meteo
2025-06-10T08:00,estacion-central,46.4,46.7,-33.459,-70.699,open-meteo
2025-06-10T09:00,estacion-central,36.6,36.7,-33.459,-70.699,open-meteo
2025-06-10T10:00,estacion-central,29.9,29.9,-33.459,-70.699,open-meteo
2025-06-10T11:00,estacion-central,31.0,31.1,-33.459,-70.699,open-meteo
2025-06-10T12:00,estacion-central,41.9,41.9,-33.459,-70.699,open-meteo
2025-06-10T13:00,estacion-central,61.0,61.0,-33.459,-70.699,open-meteo
2025-06-10T14:00,estacion-central,72.9,73.1,-33.459,-70.699,open-meteo
2025-06-10T15:00,estacion-central,83.1,84.3,-33.459,-70.699,open-meteo
2025-06-10T16:00,estacion-central,83.6,85.7,-33.459,-70.699,open-meteo
2025-06-10T17:00,estacion-central,57.6,58.4,-33.459,-70.699,open-meteo
2025-06-10T18:00,estacion-central,46.3,46.4,-33.459,-70.699,open-meteo
2025-06-10T19:00,estacion-central,56.3,56.3,-33.459,-70.699,open-meteo
2025-06-10T20:00,estacion-central,80.3,80.3,-33.459,-70.699,open-meteo
2025-06-10T21:00,estacion-central,104.8,104.8,-33.459,-70.699,open-meteo
2025-06-10T22:00,estacion-central,129.5,129.5,-33.459,-70.699,open-meteo
2025-06-10T23:00,estacion-central,146.2,146.2,-33.459,-70.699,open-meteo
2025-06-11T00:00,estacion-central,146.2,146.2,-33.459,-70.699,open-meteo
2025-06-11T01:00,estacion-central,142.5,145.8,-33.459,-70.699,open-meteo
2025-06-11T02:00,estacion-central,142.5,147.1,-33.459,-70.699,open-meteo
2025-06-11T03:00,estacion-central,145.3,149.5,-33.459,-70.699,open-meteo
2025-06-11T04:00,estacion-central,130.4,134.1,-33.459,-70.699,open-meteo
2025-06-11T05:00,estacion-central,109.7,112.5,-33.459,-70.699,open-meteo
2025-06-11T06:00,estacion-central,93.4,95.7,-33.459,-70.699,open-meteo
2025-06-11T07:00,estacion-central,79.6,81.5,-33.459,-70.699,open-meteo
2025-06-11T08:00,estacion-central,63.1,65.0,-33.459,-70.699,open-meteo
2025-06-11T09:00,estacion-central,57.9,60.1,-33.459,-70.699,open-meteo
2025-06-11T10:00,estacion-central,55.2,57.7,-33.459,-70.699,open-meteo
2025-06-11T11:00,estacion-central,60.3,62.9,-33.459,-70.699,open-meteo
2025-06-11T12:00,estacion-central,72.9,75.0,-33.459,-70.699,open-meteo
2025-06-11T13:00,estacion-central,79.9,82.2,-33.459,-70.699,open-meteo
2025-06-11T14:00,estacion-central,94.1,97.1,-33.459,-70.699,open-meteo
2025-06-11T15:00,estacion-central,72.6,74.0,-33.459,-70.699,open-meteo
2025-06-11T16:00,estacion-central,82.9,83.6,-33.459,-70.699,open-meteo
2025-06-11T17:00,estacion-central,91.3,92.0,-33.459,-70.699,open-meteo
2025-06-11T18:00,estacion-central,97.1,97.8,-33.459,-70.699,open-meteo
2025-06-11T19:00,estacion-central,95.5,96.2,-33.459,-70.699,open-meteo
2025-06-11T20:00,estacion-central,91.5,92.0,-33.459,-70.699,open-meteo
2025-06-11T21:00,estacion-central,88.5,88.7,-33.459,-70.699,open-meteo
2025-06-11T22:00,estacion-central,86.4,86.8,-33.459,-70.699,open-meteo
2025-06-11T23:00,estacion-central,85.0,85.4,-33.459,-70.699,open-meteo
2025-06-12T00:00,estacion-central,105.5,106.2,-33.459,-70.699,open-meteo
2025-06-12T01:00,estacion-central,110.8,111.5,-33.459,-70.699,open-meteo
2025-06-12T02:00,estacion-central,111.8,112.5,-33.459,-70.699,open-meteo
2025-06-12T03:00,estacion-central,117.6,118.3,-33.459,-70.699,open-meteo
2025-06-12T04:00,estacion-central,118.0,118.5,-33.459,-70.699,open-meteo
2025-06-12T05:00,estacion-central,101.7,102.2,-33.459,-70.699,open-meteo
2025-06-12T06:00,estacion-central,85.7,86.4,-33.459,-70.699,open-meteo
2025-06-12T07:00,estacion-central,77.5,78.2,-33.459,-70.699,open-meteo
2025-06-12T08:00,estacion-central,71.5,72.2,-33.459,-70.699,open-meteo
2025-06-12T09:00,estacion-central,58.9,59.8,-33.459,-70.699,open-meteo
2025-06-12T10:00,estacion-central,50.6,51.2,-33.459,-70.699,open-meteo
2025-06-12T11:00,estacion-central,47.0,47.4,-33.459,-70.699,open-meteo
2025-06-12T12:00,estacion-central,16.3,16.4,-33.459,-70.699,open-meteo
2025-06-12T13:00,estacion-central,19.7,19.8,-33.459,-70.699,open-meteo
2025-06-12T14:00,estacion-central,31.1,31.2,-33.459,-70.699,open-meteo
2025-06-12T15:00,estacion-central,37.3,37.6,-33.459,-70.699,open-meteo
2025-06-12T16:00,estacion-central,36.6,37.3,-33.459,-70.699,open-meteo
2025-06-12T17:00,estacion-central,34.5,35.3,-33.459,-70.699,open-meteo
2025-06-12T18:00,estacion-central,31.7,32.4,-33.459,-70.699,open-meteo
2025-06-12T19:00,estacion-central,26.2,26.8,-33.459,-70.699,open-meteo
2025-06-12T20:00,estacion-central,21.6,22.2,-33.459,-70.699,open-meteo
2025-06-12T21:00,estacion-central,31.9,32.6,-33.459,-70.699,open-meteo
2025-06-12T22:00,estacion-central,49.4,50.2,-33.459,-70.699,open-meteo
2025-06-12T23:00,estacion-central,68.7,69.4,-33.459,-70.699,open-meteo
2025-06-13T00:00,estacion-central,43.5,44.6,-33.459,-70.699,open-meteo
2025-06-13T01:00,estacion-central,51.3,52.4,-33.459,-70.699,open-meteo
2025-06-13T02:00,estacion-central,71.5,72.6,-33.459,-70.699,open-meteo
2025-06-13T03:00,estacion-central,81.7,82.9,-33.459,-70.699,open-meteo
2025-06-13T04:00,estacion-central,87.8,88.9,-33.459,-70.699,open-meteo
2025-06-13T05:00,estacion-central,85.7,87.1,-33.459,-70.699,open-meteo
2025-06-13T06:00,estacion-central,78.7,80.1,-33.459,-70.699,open-meteo
2025-06-13T07:00,estacion-central,70.3,71.7,-33.459,-70.699,open-meteo
2025-06-13T08:00,estacion-central,61.0,62.2,-33.459,-70.699,open-meteo
2025-06-13T09:00,estacion-central,52.5,53.2,-33.459,-70.699,open-meteo
2025-06-13T10:00,estacion-central,46.1,46.6,-33.459,-70.699,open-meteo
2025-06-13T11:00,estacion-central,45.6,46.1,-33.459,-70.699,open-meteo
2025-06-13T12:00,estacion-central,88.0,89.4,-33.459,-70.699,open-meteo
2025-06-13T13:00,estacion-central,112.5,114.1,-33.459,-70.699,open-meteo
2025-06-13T14:00,estacion-central,82.7,85.4,-33.459,-70.699,open-meteo
2025-06-13T15:00,estacion-central,52.0,54.2,-33.459,-70.699,open-meteo
2025-06-13T16:00,estacion-central,55.5,56.2,-33.459,-70.699,open-meteo
2025-06-13T17:00,estacion-central,52.7,52.9,-33.459,-70.699,open-meteo
2025-06-13T18:00,estacion-central,44.8,45.1,-33.459,-70.699,open-meteo
2025-06-13T19:00,estacion-central,39.3,39.6,-33.459,-70.699,open-meteo
2025-06-13T20:00,estacion-central,38.1,38.4,-33.459,-70.699,open-meteo
2025-06-13T21:00,estacion-central,43.0,43.3,-33.459,-70.699,open-meteo
2025-06-13T22:00,estacion-central,55.4,55.8,-33.459,-70.699,open-meteo
2025-06-13T23:00,estacion-central,71.0,71.7,-33.459,-70.699,open-meteo
2025-06-14T00:00,estacion-central,114.3,115.0,-33.459,-70.699,open-meteo
2025-06-14T01:00,estacion-central,116.6,117.3,-33.459,-70.699,open-meteo
2025-06-14T02:00,estacion-central,117.1,118.0,-33.459,-70.699,open-meteo
2025-06-14T03:00,estacion-central,111.3,112.2,-33.459,-70.699,open-meteo
2025-06-14T04:00,estacion-central,100.8,101.3,-33.459,-70.699,open-meteo
2025-06-14T05:00,estacion-central,79.6,79.9,-33.459,-70.699,open-meteo
2025-06-14T06:00,estacion-central,57.7,57.9,-33.459,-70.699,open-meteo
2025-06-14T07:00,estacion-central,40.7,40.9,-33.459,-70.699,open-meteo
2025-06-14T08:00,estacion-central,33.1,33.2,-33.459,-70.699,open-meteo
2025-06-14T09:00,estacion-central,26.3,26.4,-33.459,-70.699,open-meteo
2025-06-14T10:00,estacion-central,22.4,22.6,-33.459,-70.699,open-meteo
2025-06-14T11:00,estacion-central,25.6,25.7,-33.459,-70.699,open-meteo
2025-06-14T12:00,estacion-central,38.3,38.8,-33.459,-70.699,open-meteo
2025-06-14T13:00,estacion-central,48.2,48.7,-33.459,-70.699,open-meteo
2025-06-14T14:00,estacion-central,53.1,53.9,-33.459,-70.699,open-meteo
2025-06-14T15:00,estacion-central,56.9,58.3,-33.459,-70.699,open-meteo
2025-06-14T16:00,estacion-central,58.3,59.8,-33.459,-70.699,open-meteo
2025-06-14T17:00,estacion-central,39.1,39.5,-33.459,-70.699,open-meteo
2025-06-14T18:00,estacion-central,35.5,35.6,-33.459,-70.699,open-meteo
2025-06-14T19:00,estacion-central,44.1,44.2,-33.459,-70.699,open-meteo
2025-06-14T20:00,estacion-central,54.0,54.0,-33.459,-70.699,open-meteo
2025-06-14T21:00,estacion-central,65.2,65.2,-33.459,-70.699,open-meteo
2025-06-14T22:00,estacion-central,77.8,78.0,-33.459,-70.699,open-meteo
2025-06-14T23:00,estacion-central,87.8,88.2,-33.459,-70.699,open-meteo
2025-06-15T00:00,estacion-central,72.9,76.6,-33.459,-70.699,open-meteo
2025-06-15T01:00,estacion-central,86.8,91.0,-33.459,-70.699,open-meteo
2025-06-15T02:00,estacion-central,101.7,106.6,-33.459,-70.699,open-meteo
2025-06-15T03:00,estacion-central,102.2,106.2,-33.459,-70.699,open-meteo
2025-06-15T04:00,estacion-central,90.8,93.4,-33.459,-70.699,open-meteo
2025-06-15T05:00,estacion-central,75.4,77.3,-33.459,-70.699,open-meteo
2025-06-15T06:00,estacion-central,63.6,65.0,-33.459,-70.699,open-meteo
2025-06-15T07:00,estacion-central,54.6,55.8,-33.459,-70.699,open-meteo
2025-06-15T08:00,estacion-central,48.7,49.6,-33.459,-70.699,open-meteo
2025-06-15T09:00,estacion-central,45.5,46.3,-33.459,-70.699,open-meteo
2025-06-15T10:00,estacion-central,45.1,46.0,-33.459,-70.699,open-meteo
2025-06-15T11:00,estacion-central,51.2,52.0,-33.459,-70.699,open-meteo
2025-06-15T12:00,estacion-central,64.3,65.4,-33.459,-70.699,open-meteo
2025-06-15T13:00,estacion-central,74.7,76.1,-33.459,-70.699,open-meteo
2025-06-15T14:00,estacion-central,81.0,82.9,-33.459,-70.699,open-meteo
2025-06-15T15:00,estacion-central,71.2,74.3,-33.459,-70.699,open-meteo
2025-06-15T16:00,estacion-central,34.8,36.3,-33.459,-70.699,open-meteo
2025-06-15T17:00,estacion-central,25.1,25.7,-33.459,-70.699,open-meteo
2025-06-15T18:00,estacion-central,22.2,22.8,-33.459,-70.699,open-meteo
2025-06-15T19:00,estacion-central,21.0,21.5,-33.459,-70.699,open-meteo
2025-06-15T20:00,estacion-central,16.7,17.2,-33.459,-70.699,open-meteo
2025-06-15T21:00,estacion-central,19.6,20.1,-33.459,-70.699,open-meteo
2025-06-15T22:00,estacion-central,21.9,22.4,-33.459,-70.699,open-meteo
2025-06-15T23:00,estacion-central,27.6,28.1,-33.459,-70.699,open-meteo
2025-06-16T00:00,estacion-central,53.4,55.3,-33.459,-70.699,open-meteo
2025-06-16T01:00,estacion-central,60.1,61.9,-33.459,-70.699,open-meteo
2025-06-16T02:00,estacion-central,67.5,69.4,-33.459,-70.699,open-meteo
2025-06-16T03:00,estacion-central,75.2,76.8,-33.459,-70.699,open-meteo
2025-06-16T04:00,estacion-central,50.4,52.6,-33.459,-70.699,open-meteo
2025-06-16T05:00,estacion-central,17.1,18.7,-33.459,-70.699,open-meteo
2025-06-16T06:00,estacion-central,12.8,13.8,-33.459,-70.699,open-meteo
2025-06-16T07:00,estacion-central,10.6,11.3,-33.459,-70.699,open-meteo
2025-06-16T08:00,estacion-central,9.0,9.4,-33.459,-70.699,open-meteo
2025-06-16T09:00,estacion-central,8.9,9.2,-33.459,-70.699,open-meteo
2025-06-16T10:00,estacion-central,10.2,10.4,-33.459,-70.699,open-meteo
2025-06-16T11:00,estacion-central,13.4,13.6,-33.459,-70.699,open-meteo
2025-06-16T12:00,estacion-central,31.0,31.2,-33.459,-70.699,open-meteo
2025-06-16T13:00,estacion-central,43.2,44.1,-33.459,-70.699,open-meteo
2025-06-16T14:00,estacion-central,54.7,55.5,-33.459,-70.699,open-meteo
2025-06-16T15:00,estacion-central,41.7,43.0,-33.459,-70.699,open-meteo
2025-06-16T16:00,estacion-central,35.9,36.7,-33.459,-70.699,open-meteo
2025-06-16T17:00,estacion-central,21.9,22.1,-33.459,-70.699,open-meteo
2025-06-16T18:00,estacion-central,17.8,17.9,-33.459,-70.699,open-meteo
2025-06-16T19:00,estacion-central,15.8,16.0,-33.459,-70.699,open-meteo
2025-06-16T20:00,estacion-central,21.4,21.6,-33.459,-70.699,open-meteo
2025-06-16T21:00,estacion-central,32.6,32.7,-33.459,-70.699,open-meteo
2025-06-16T22:00,estacion-central,37.6,37.7,-33.459,-70.699,open-meteo
2025-06-16T23:00,estacion-central,37.1,37.3,-33.459,-70.699,open-meteo
2025-06-17T00:00,estacion-central,39.5,39.9,-33.459,-70.699,open-meteo
2025-06-17T01:00,estacion-central,30.4,30.9,-33.459,-70.699,open-meteo
2025-06-17T02:00,estacion-central,32.5,32.9,-33.459,-70.699,open-meteo
2025-06-17T03:00,estacion-central,37.5,38.0,-33.459,-70.699,open-meteo
2025-06-17T04:00,estacion-central,40.6,41.4,-33.459,-70.699,open-meteo
2025-06-17T05:00,estacion-central,36.7,37.6,-33.459,-70.699,open-meteo
2025-06-17T06:00,estacion-central,30.7,31.2,-33.459,-70.699,open-meteo
2025-06-17T07:00,estacion-central,25.8,26.2,-33.459,-70.699,open-meteo
2025-06-17T08:00,estacion-central,22.6,22.8,-33.459,-70.699,open-meteo
2025-06-17T09:00,estacion-central,21.0,21.2,-33.459,-70.699,open-meteo
2025-06-17T10:00,estacion-central,22.2,22.4,-33.459,-70.699,open-meteo
2025-06-17T11:00,estacion-central,29.6,29.8,-33.459,-70.699,open-meteo
2025-06-17T12:00,estacion-central,52.6,52.7,-33.459,-70.699,open-meteo
2025-06-17T13:00,estacion-central,66.8,67.3,-33.459,-70.699,open-meteo
2025-06-17T14:00,estacion-central,69.4,70.3,-33.459,-70.699,open-meteo
2025-06-17T15:00,estacion-central,44.1,45.6,-33.459,-70.699,open-meteo
2025-06-17T16:00,estacion-central,42.6,43.2,-33.459,-70.699,open-meteo
2025-06-17T17:00,estacion-central,41.1,41.7,-33.459,-70.699,open-meteo
2025-06-17T18:00,estacion-central,38.6,39.1,-33.459,-70.699,open-meteo
2025-06-17T19:00,estacion-central,36.7,37.3,-33.459,-70.699,open-meteo
2025-06-17T20:00,estacion-central,36.6,37.1,-33.459,-70.699,open-meteo
2025-06-17T21:00,estacion-central,47.5,48.0,-33.459,-70.699,open-meteo
2025-06-17T22:00,estacion-central,57.9,58.3,-33.459,-70.699,open-meteo
2025-06-17T23:00,estacion-central,53.3,53.9,-33.459,-70.699,open-meteo
2025-06-18T00:00,estacion-central,47.8,48.1,-33.459,-70.699,open-meteo
2025-06-18T01:00,estacion-central,55.5,55.8,-33.459,-70.699,open-meteo
2025-06-18T02:00,estacion-central,56.0,56.2,-33.459,-70.699,open-meteo
2025-06-18T03:00,estacion-central,55.4,55.5,-33.459,-70.699,open-meteo
2025-06-18T04:00,estacion-central,54.1,54.1,-33.459,-70.699,open-meteo
2025-06-18T05:00,estacion-central,44.6,44.7,-33.459,-70.699,open-meteo
2025-06-18T06:00,estacion-central,34.0,34.0,-33.459,-70.699,open-meteo
2025-06-18T07:00,estacion-central,26.1,26.1,-33.459,-70.699,open-meteo
2025-06-18T08:00,estacion-central,20.3,20.3,-33.459,-70.699,open-meteo
2025-06-18T09:00,estacion-central,16.8,16.9,-33.459,-70.699,open-meteo
2025-06-18T10:00,estacion-central,13.1,13.4,-33.459,-70.699,open-meteo
2025-06-18T11:00,estacion-central,15.8,16.1,-33.459,-70.699,open-meteo
2025-06-18T12:00,estacion-central,23.1,23.1,-33.459,-70.699,open-meteo
2025-06-18T13:00,estacion-central,38.1,38.2,-33.459,-70.699,open-meteo
2025-06-18T14:00,estacion-central,43.0,43.7,-33.459,-70.699,open-meteo
2025-06-18T15:00,estacion-central,53.4,54.8,-33.459,-70.699,open-meteo
2025-06-18T16:00,estacion-central,46.0,46.6,-33.459,-70.699,open-meteo
2025-06-18T17:00,estacion-central,38.5,38.5,-33.459,-70.699,open-meteo
2025-06-18T18:00,estacion-central,36.9,37.0,-33.459,-70.699,open-meteo
2025-06-18T19:00,estacion-central,37.4,37.4,-33.459,-70.699,open-meteo
2025-06-18T20:00,estacion-central,41.4,41.4,-33.459,-70.699,open-meteo
2025-06-18T21:00,estacion-central,68.2,68.5,-33.459,-70.699,open-meteo
2025-06-18T22:00,estacion-central,93.1,93.4,-33.459,-70.699,open-meteo
2025-06-18T23:00,estacion-central,107.8,109.0,-33.459,-70.699,open-meteo
2025-06-19T00:00,estacion-central,106.6,108.5,-33.459,-70.699,open-meteo
2025-06-19T01:00,estacion-central,101.0,105.2,-33.459,-70.699,open-meteo
2025-06-19T02:00,estacion-central,96.2,99.9,-33.459,-70.699,open-meteo
2025-06-19T03:00,estacion-central,90.1,92.7,-33.459,-70.699,open-meteo
2025-06-19T04:00,estacion-central,79.6,81.3,-33.459,-70.699,open-meteo
2025-06-19T05:00,estacion-central,65.9,67.1,-33.459,-70.699,open-meteo
2025-06-19T06:00,estacion-central,53.4,54.4,-33.459,-70.699,open-meteo
2025-06-19T07:00,estacion-central,43.3,44.0,-33.459,-70.699,open-meteo
2025-06-19T08:00,estacion-central,35.0,35.6,-33.459,-70.699,open-meteo
2025-06-19T09:00,estacion-central,28.6,29.0,-33.459,-70.699,open-meteo
2025-06-19T10:00,estacion-central,25.1,25.4,-33.459,-70.699,open-meteo
2025-06-19T11:00,estacion-central,28.9,29.2,-33.459,-70.699,open-meteo
2025-06-19T12:00,estacion-central,43.3,43.3,-33.459,-70.699,open-meteo
2025-06-19T13:00,estacion-central,61.9,61.9,-33.459,-70.699,open-meteo
2025-06-19T14:00,estacion-central,73.6,74.0,-33.459,-70.699,open-meteo
2025-06-19T15:00,estacion-central,68.9,70.5,-33.459,-70.699,open-meteo
2025-06-19T16:00,estacion-central,51.0,52.3,-33.459,-70.699,open-meteo
2025-06-19T17:00,estacion-central,44.7,44.9,-33.459,-70.699,open-meteo
2025-06-19T18:00,estacion-central,44.4,44.6,-33.459,-70.699,open-meteo
2025-06-19T19:00,estacion-central,44.6,44.8,-33.459,-70.699,open-meteo
2025-06-19T20:00,estacion-central,50.9,51.1,-33.459,-70.699,open-meteo
2025-06-19T21:00,estacion-central,66.1,66.4,-33.459,-70.699,open-meteo
2025-06-19T22:00,estacion-central,89.2,89.4,-33.459,-70.699,open-meteo
2025-06-19T23:00,estacion-central,105.2,105.9,-33.459,-70.699,open-meteo
2025-06-20T00:00,estacion-central,113.9,116.6,-33.459,-70.699,open-meteo
2025-06-20T01:00,estacion-central,112.9,117.1,-33.459,-70.699,open-meteo
2025-06-20T02:00,estacion-central,108.5,113.2,-33.459,-70.699,open-meteo
2025-06-20T03:00,estacion-central,103.6,108.0,-33.459,-70.699,open-meteo
2025-06-20T04:00,estacion-central,94.5,98.5,-33.459,-70.699,open-meteo
2025-06-20T05:00,estacion-central,80.1,83.4,-33.459,-70.699,open-meteo
2025-06-20T06:00,estacion-central,66.4,68.9,-33.459,-70.699,open-meteo
2025-06-20T07:00,estacion-central,54.6,56.1,-33.459,-70.699,open-meteo
2025-06-20T08:00,estacion-central,44.7,45.5,-33.459,-70.699,open-meteo
2025-06-20T09:00,estacion-central,36.8,37.4,-33.459,-70.699,open-meteo
2025-06-20T10:00,estacion-central,31.8,32.1,-33.459,-70.699,open-meteo
2025-06-20T11:00,estacion-central,34.1,34.3,-33.459,-70.699,open-meteo
2025-06-20T12:00,estacion-central,48.5,48.7,-33.459,-70.699,open-meteo
2025-06-20T13:00,estacion-central,61.5,61.5,-33.459,-70.699,open-meteo
2025-06-20T14:00,estacion-central,71.5,71.9,-33.459,-70.699,open-meteo
2025-06-20T15:00,estacion-central,76.1,77.5,-33.459,-70.699,open-meteo
2025-06-20T16:00,estacion-central,87.8,90.1,-33.459,-70.699,open-meteo
2025-06-20T17:00,estacion-central,58.7,59.4,-33.459,-70.699,open-meteo
2025-06-20T18:00,estacion-central,50.9,51.0,-33.459,-70.699,open-meteo
2025-06-20T19:00,estacion-central,52.4,52.4,-33.459,-70.699,open-meteo
2025-06-20T20:00,estacion-central,56.9,56.9,-33.459,-70.699,open-meteo
2025-06-20T21:00,estacion-central,70.8,70.8,-33.459,-70.699,open-meteo
2025-06-20T22:00,estacion-central,85.9,85.9,-33.459,-70.699,open-meteo
2025-06-20T23:00,estacion-central,100.8,100.8,-33.459,-70.699,open-meteo
2025-06-21T00:00,estacion-central,89.4,89.4,-33.459,-70.699,open-meteo
2025-06-21T01:00,estacion-central,89.4,91.5,-33.459,-70.699,open-meteo
2025-06-21T02:00,estacion-central,97.8,99.9,-33.459,-70.699,open-meteo
2025-06-21T03:00,estacion-central,102.2,104.3,-33.459,-70.699,open-meteo
2025-06-21T04:00,estacion-central,98.3,100.4,-33.459,-70.699,open-meteo
2025-06-21T05:00,estacion-central,91.0,93.4,-33.459,-70.699,open-meteo
2025-06-21T06:00,estacion-central,79.4,82.0,-33.459,-70.699,open-meteo
2025-06-21T07:00,estacion-central,67.1,69.2,-33.459,-70.699,open-meteo
2025-06-21T08:00,estacion-central,57.0,58.9,-33.459,-70.699,open-meteo
2025-06-21T09:00,estacion-central,50.1,51.5,-33.459,-70.699,open-meteo
2025-06-21T10:00,estacion-central,47.0,48.7,-33.459,-70.699,open-meteo
2025-06-21T11:00,estacion-central,51.3,53.1,-33.459,-70.699,open-meteo
2025-06-21T12:00,estacion-central,66.8,68.7,-33.459,-70.699,open-meteo
2025-06-21T13:00,estacion-central,88.7,90.6,-33.459,-70.699,open-meteo
2025-06-21T14:00,estacion-central,93.1,96.2,-33.459,-70.699,open-meteo
2025-06-21T15:00,estacion-central,70.1,72.4,-33.459,-70.699,open-meteo
2025-06-21T16:00,estacion-central,77.3,78.0,-33.459,-70.699,open-meteo
2025-06-21T17:00,estacion-central,83.8,83.8,-33.459,-70.699,open-meteo
2025-06-21T18:00,estacion-central,76.4,76.4,-33.459,-70.699,open-meteo
2025-06-21T19:00,estacion-central,76.1,76.1,-33.459,-70.699,open-meteo
2025-06-21T20:00,estacion-central,80.6,80.8,-33.459,-70.699,open-meteo
2025-06-21T21:00,estacion-central,87.8,87.8,-33.459,-70.699,open-meteo
2025-06-21T22:00,estacion-central,98.7,98.7,-33.459,-70.699,open-meteo
2025-06-21T23:00,estacion-central,108.7,109.0,-33.459,-70.699,open-meteo
2025-06-22T00:00,estacion-central,116.2,116.2,-33.459,-70.699,open-meteo
2025-06-22T01:00,estacion-central,107.6,107.6,-33.459,-70.699,open-meteo
2025-06-22T02:00,estacion-central,92.4,92.4,-33.459,-70.699,open-meteo
2025-06-22T03:00,estacion-central,85.2,85.2,-33.459,-70.699,open-meteo
2025-06-22T04:00,estacion-central,83.6,83.6,-33.459,-70.699,open-meteo
2025-06-22T05:00,estacion-central,83.8,83.8,-33.459,-70.699,open-meteo
2025-06-22T06:00,estacion-central,88.2,88.2,-33.459,-70.699,open-meteo
2025-06-22T07:00,estacion-central,86.8,86.8,-33.459,-70.699,open-meteo
2025-06-22T08:00,estacion-central,84.3,84.3,-33.459,-70.699,open-meteo
2025-06-22T09:00,estacion-central,79.2,79.2,-33.459,-70.699,open-meteo
2025-06-22T10:00,estacion-central,74.0,74.0,-33.459,-70.699,open-meteo
2025-06-22T11:00,estacion-central,78.5,78.5,-33.459,-70.699,open-meteo
2025-06-22T12:00,estacion-central,80.3,80.6,-33.459,-70.699,open-meteo
2025-06-22T13:00,estacion-central,80.3,81.0,-33.459,-70.699,open-meteo
2025-06-22T14:00,estacion-central,71.2,71.2,-33.459,-70.699,open-meteo
2025-06-22T15:00,estacion-central,71.7,71.7,-33.459,-70.699,open-meteo
2025-06-22T16:00,estacion-central,66.8,66.8,-33.459,-70.699,open-meteo
2025-06-22T17:00,estacion-central,56.9,56.9,-33.459,-70.699,open-meteo
2025-06-22T18:00,estacion-central,50.2,50.2,-33.459,-70.699,open-meteo
2025-06-22T19:00,estacion-central,44.4,44.4,-33.459,-70.699,open-meteo
2025-06-22T20:00,estacion-central,40.9,41.0,-33.459,-70.699,open-meteo
2025-06-22T21:00,estacion-central,43.8,43.9,-33.459,-70.699,open-meteo
2025-06-22T22:00,estacion-central,54.0,54.0,-33.459,-70.699,open-meteo
2025-06-22T23:00,estacion-central,64.0,64.3,-33.459,-70.699,open-meteo
2025-06-23T00:00,estacion-central,82.7,82.7,-33.459,-70.699,open-meteo
2025-06-23T01:00,estacion-central,83.8,84.1,-33.459,-70.699,open-meteo
2025-06-23T02:00,estacion-central,85.7,85.9,-33.459,-70.699,open-meteo
2025-06-23T03:00,estacion-central,88.2,89.2,-33.459,-70.699,open-meteo
2025-06-23T04:00,estacion-central,86.4,87.8,-33.459,-70.699,open-meteo
2025-06-23T05:00,estacion-central,79.4,80.8,-33.459,-70.699,open-meteo
2025-06-23T06:00,estacion-central,72.2,73.3,-33.459,-70.699,open-meteo
2025-06-23T07:00,estacion-central,66.4,67.3,-33.459,-70.699,open-meteo
2025-06-23T08:00,estacion-central,60.5,61.5,-33.459,-70.699,open-meteo
2025-06-23T09:00,estacion-central,53.2,54.1,-33.459,-70.699,open-meteo
2025-06-23T10:00,estacion-central,44.6,45.6,-33.459,-70.699,open-meteo
2025-06-23T11:00,estacion-central,41.4,42.4,-33.459,-70.699,open-meteo
2025-06-23T12:00,estacion-central,31.2,32.0,-33.459,-70.699,open-meteo
2025-06-23T13:00,estacion-central,42.0,42.6,-33.459,-70.699,open-meteo
2025-06-23T14:00,estacion-central,50.4,51.5,-33.459,-70.699,open-meteo
2025-06-23T15:00,estacion-central,45.8,47.4,-33.459,-70.699,open-meteo
2025-06-23T16:00,estacion-central,40.0,41.1,-33.459,-70.699,open-meteo
2025-06-23T17:00,estacion-central,38.8,39.0,-33.459,-70.699,open-meteo
2025-06-23T18:00,estacion-central,38.0,38.1,-33.459,-70.699,open-meteo
2025-06-23T19:00,estacion-central,36.9,37.1,-33.459,-70.699,open-meteo
2025-06-23T20:00,estacion-central,36.6,36.8,-33.459,-70.699,open-meteo
2025-06-23T21:00,estacion-central,47.1,47.3,-33.459,-70.699,open-meteo
2025-06-23T22:00,estacion-central,68.0,68.2,-33.459,-70.699,open-meteo
2025-06-23T23:00,estacion-central,86.6,87.3,-33.459,-70.699,open-meteo
2025-06-24T00:00,estacion-central,99.2,100.8,-33.459,-70.699,open-meteo
2025-06-24T01:00,estacion-central,105.0,107.3,-33.459,-70.699,open-meteo
2025-06-24T02:00,estacion-central,108.3,111.1,-33.459,-70.699,open-meteo
2025-06-24T03:00,estacion-central,105.7,108.3,-33.459,-70.699,open-meteo
2025-06-24T04:00,estacion-central,96.4,98.5,-33.459,-70.699,open-meteo
2025-06-24T05:00,estacion-central,81.5,82.7,-33.459,-70.699,open-meteo
2025-06-24T06:00,estacion-central,65.9,66.8,-33.459,-70.699,open-meteo
2025-06-24T07:00,estacion-central,52.2,52.9,-33.459,-70.699,open-meteo
2025-06-24T08:00,estacion-central,40.9,41.4,-33.459,-70.699,open-meteo
2025-06-24T09:00,estacion-central,32.2,32.7,-33.459,-70.699,open-meteo
2025-06-24T10:00,estacion-central,27.1,27.4,-33.459,-70.699,open-meteo
2025-06-24T11:00,estacion-central,29.6,29.9,-33.459,-70.699,open-meteo
2025-06-24T12:00,estacion-central,39.1,39.1,-33.459,-70.699,open-meteo
2025-06-24T13:00,estacion-central,57.9,57.9,-33.459,-70.699,open-meteo
2025-06-24T14:00,estacion-central,68.5,68.9,-33.459,-70.699,open-meteo
2025-06-24T15:00,estacion-central,73.3,74.7,-33.459,-70.699,open-meteo
2025-06-24T16:00,estacion-central,71.7,73.6,-33.459,-70.699,open-meteo
2025-06-24T17:00,estacion-central,43.2,43.5,-33.459,-70.699,open-meteo
2025-06-24T18:00,estacion-central,39.9,40.0,-33.459,-70.699,open-meteo
2025-06-24T19:00,estacion-central,41.7,41.7,-33.459,-70.699,open-meteo
2025-06-24T20:00,estacion-central,45.9,46.0,-33.459,-70.699,open-meteo
2025-06-24T21:00,estacion-central,59.1,59.3,-33.459,-70.699,open-meteo
2025-06-24T22:00,estacion-central,69.8,70.3,-33.459,-70.699,open-meteo
2025-06-24T23:00,estacion-central,78.0,79.6,-33.459,-70.699,open-meteo
2025-06-25T00:00,estacion-central,79.9,82.0,-33.459,-70.699,open-meteo
2025-06-25T01:00,estacion-central,70.1,71.9,-33.459,-70.699,open-meteo
2025-06-25T02:00,estacion-central,73.8,75.4,-33.459,-70.699,open-meteo
2025-06-25T03:00,estacion-central,76.1,77.5,-33.459,-70.699,open-meteo
2025-06-25T04:00,estacion-central,68.2,69.4,-33.459,-70.699,open-meteo
2025-06-25T05:00,estacion-central,64.3,65.2,-33.459,-70.699,open-meteo
2025-06-25T06:00,estacion-central,63.8,65.0,-33.459,-70.699,open-meteo
2025-06-25T07:00,estacion-central,64.0,65.9,-33.459,-70.699,open-meteo
2025-06-25T08:00,estacion-central,62.9,65.0,-33.459,-70.699,open-meteo
2025-06-25T09:00,estacion-central,61.0,63.1,-33.459,-70.699,open-meteo
2025-06-25T10:00,estacion-central,60.8,63.1,-33.459,-70.699,open-meteo
2025-06-25T11:00,estacion-central,65.9,68.2,-33.459,-70.699,open-meteo
2025-06-25T12:00,estacion-central,66.6,67.8,-33.459,-70.699,open-meteo
2025-06-25T13:00,estacion-central,85.4,86.6,-33.459,-70.699,open-meteo
2025-06-25T14:00,estacion-central,99.9,101.5,-33.459,-70.699,open-meteo
2025-06-25T15:00,estacion-central,94.5,96.9,-33.459,-70.699,open-meteo
2025-06-25T16:00,estacion-central,71.7,71.9,-33.459,-70.699,open-meteo
2025-06-25T17:00,estacion-central,69.8,70.1,-33.459,-70.699,open-meteo
2025-06-25T18:00,estacion-central,71.9,72.2,-33.459,-70.699,open-meteo
2025-06-25T19:00,estacion-central,71.7,71.7,-33.459,-70.699,open-meteo
2025-06-25T20:00,estacion-central,68.2,68.2,-33.459,-70.699,open-meteo
2025-06-25T21:00,estacion-central,66.1,66.1,-33.459,-70.699,open-meteo
2025-06-25T22:00,estacion-central,74.7,74.7,-33.459,-70.699,open-meteo
2025-06-25T23:00,estacion-central,81.3,81.3,-33.459,-70.699,open-meteo
2025-06-26T00:00,estacion-central,68.7,68.9,-33.459,-70.699,open-meteo
2025-06-26T01:00,estacion-central,78.9,79.2,-33.459,-70.699,open-meteo
2025-06-26T02:00,estacion-central,77.5,77.8,-33.459,-70.699,open-meteo
2025-06-26T03:00,estacion-central,69.4,69.4,-33.459,-70.699,open-meteo
2025-06-26T04:00,estacion-central,67.3,67.3,-33.459,-70.699,open-meteo
2025-06-26T05:00,estacion-central,67.1,67.1,-33.459,-70.699,open-meteo
2025-06-26T06:00,estacion-central,65.7,65.7,-33.459,-70.699,open-meteo
2025-06-26T07:00,estacion-central,65.4,65.7,-33.459,-70.699,open-meteo
2025-06-26T08:00,estacion-central,68.2,68.5,-33.459,-70.699,open-meteo
2025-06-26T09:00,estacion-central,69.2,69.8,-33.459,-70.699,open-meteo
2025-06-26T10:00,estacion-central,67.8,68.5,-33.459,-70.699,open-meteo
2025-06-26T11:00,estacion-central,68.9,69.6,-33.459,-70.699,open-meteo
2025-06-26T12:00,estacion-central,80.6,83.1,-33.459,-70.699,open-meteo
2025-06-26T13:00,estacion-central,75.7,78.5,-33.459,-70.699,open-meteo
2025-06-26T14:00,estacion-central,67.1,68.9,-33.459,-70.699,open-meteo
2025-06-26T15:00,estacion-central,68.5,69.4,-33.459,-70.699,open-meteo
2025-06-26T16:00,estacion-central,62.9,63.6,-33.459,-70.699,open-meteo
2025-06-26T17:00,estacion-central,51.9,52.6,-33.459,-70.699,open-meteo
2025-06-26T18:00,estacion-central,46.0,46.4,-33.459,-70.699,open-meteo
2025-06-26T19:00,estacion-central,43.7,44.0,-33.459,-70.699,open-meteo
2025-06-26T20:00,estacion-central,45.1,45.4,-33.459,-70.699,open-meteo
2025-06-26T21:00,estacion-central,59.8,60.1,-33.459,-70.699,open-meteo
2025-06-26T22:00,estacion-central,82.4,82.9,-33.459,-70.699,open-meteo
2025-06-26T23:00,estacion-central,98.7,99.2,-33.459,-70.699,open-meteo
2025-06-27T00:00,estacion-central,111.1,111.5,-33.459,-70.699,open-meteo
2025-06-27T01:00,estacion-central,105.7,106.4,-33.459,-70.699,open-meteo
2025-06-27T02:00,estacion-central,105.5,106.4,-33.459,-70.699,open-meteo
2025-06-27T03:00,estacion-central,102.9,103.8,-33.459,-70.699,open-meteo
2025-06-27T04:00,estacion-central,97.6,98.3,-33.459,-70.699,open-meteo
2025-06-27T05:00,estacion-central,87.8,88.2,-33.459,-70.699,open-meteo
2025-06-27T06:00,estacion-central,76.6,76.8,-33.459,-70.699,open-meteo
2025-06-27T07:00,estacion-central,65.4,65.9,-33.459,-70.699,open-meteo
2025-06-27T08:00,estacion-central,54.9,55.1,-33.459,-70.699,open-meteo
2025-06-27T09:00,estacion-central,46.0,46.2,-33.459,-70.699,open-meteo
2025-06-27T10:00,estacion-central,39.9,40.3,-33.459,-70.699,open-meteo
2025-06-27T11:00,estacion-central,41.1,41.4,-33.459,-70.699,open-meteo
2025-06-27T12:00,estacion-central,49.5,49.6,-33.459,-70.699,open-meteo
2025-06-27T13:00,estacion-central,61.5,61.7,-33.459,-70.699,open-meteo
2025-06-27T14:00,estacion-central,84.1,84.8,-33.459,-70.699,open-meteo
2025-06-27T15:00,estacion-central,67.1,68.9,-33.459,-70.699,open-meteo
2025-06-27T16:00,estacion-central,53.9,55.4,-33.459,-70.699,open-meteo
2025-06-27T17:00,estacion-central,57.0,57.4,-33.459,-70.699,open-meteo
2025-06-27T18:00,estacion-central,59.8,59.8,-33.459,-70.699,open-meteo
2025-06-27T19:00,estacion-central,64.5,64.5,-33.459,-70.699,open-meteo
2025-06-27T20:00,estacion-central,68.9,68.9,-33.459,-70.699,open-meteo
2025-06-27T21:00,estacion-central,73.8,73.8,-33.459,-70.699,open-meteo
2025-06-27T22:00,estacion-central,75.7,75.9,-33.459,-70.699,open-meteo
2025-06-27T23:00,estacion-central,82.7,82.9,-33.459,-70.699,open-meteo
2025-06-28T00:00,estacion-central,76.8,77.8,-33.459,-70.699,open-meteo
2025-06-28T01:00,estacion-central,79.9,81.0,-33.459,-70.699,open-meteo
2025-06-28T02:00,estacion-central,87.8,88.7,-33.459,-70.699,open-meteo
2025-06-28T03:00,estacion-central,85.0,85.9,-33.459,-70.699,open-meteo
2025-06-28T04:00,estacion-central,85.0,85.9,-33.459,-70.699,open-meteo
2025-06-28T05:00,estacion-central,85.9,87.1,-33.459,-70.699,open-meteo
2025-06-28T06:00,estacion-central,88.0,88.9,-33.459,-70.699,open-meteo
2025-06-28T07:00,estacion-central,86.4,87.5,-33.459,-70.699,open-meteo
2025-06-28T08:00,estacion-central,84.8,85.7,-33.459,-70.699,open-meteo
2025-06-28T09:00,estacion-central,80.3,81.0,-33.459,-70.699,open-meteo
2025-06-28T10:00,estacion-central,76.8,77.8,-33.459,-70.699,open-meteo
2025-06-28T11:00,estacion-central,78.0,78.9,-33.459,-70.699,open-meteo
2025-06-28T12:00,estacion-central,42.6,44.4,-33.459,-70.699,open-meteo
2025-06-28T13:00,estacion-central,48.1,50.3,-33.459,-70.699,open-meteo
2025-06-28T14:00,estacion-central,56.1,58.3,-33.459,-70.699,open-meteo
2025-06-28T15:00,estacion-central,65.7,67.5,-33.459,-70.699,open-meteo
2025-06-28T16:00,estacion-central,71.0,71.5,-33.459,-70.699,open-meteo
2025-06-28T17:00,estacion-central,71.7,71.9,-33.459,-70.699,open-meteo
2025-06-28T18:00,estacion-central,66.4,66.6,-33.459,-70.699,open-meteo
2025-06-28T19:00,estacion-central,60.1,60.3,-33.459,-70.699,open-meteo
2025-06-28T20:00,estacion-central,58.6,58.7,-33.459,-70.699,open-meteo
2025-06-28T21:00,estacion-central,68.7,68.7,-33.459,-70.699,open-meteo
2025-06-28T22:00,estacion-central,76.8,76.8,-33.459,-70.699,open-meteo
2025-06-28T23:00,estacion-central,80.8,81.0,-33.459,-70.699,open-meteo
2025-06-29T00:00,estacion-central,88.5,88.7,-33.459,-70.699,open-meteo
2025-06-29T01:00,estacion-central,67.5,67.8,-33.459,-70.699,open-meteo
2025-06-29T02:00,estacion-central,69.2,69.4,-33.459,-70.699,open-meteo
2025-06-29T03:00,estacion-central,73.1,73.3,-33.459,-70.699,open-meteo
2025-06-29T04:00,estacion-central,79.4,79.6,-33.459,-70.699,open-meteo
2025-06-29T05:00,estacion-central,79.9,79.9,-33.459,-70.699,open-meteo
2025-06-29T06:00,estacion-central,71.2,71.5,-33.459,-70.699,open-meteo
2025-06-29T07:00,estacion-central,62.6,62.6,-33.459,-70.699,open-meteo
2025-06-29T08:00,estacion-central,52.6,52.9,-33.459,-70.699,open-meteo
2025-06-29T09:00,estacion-central,43.7,43.9,-33.459,-70.699,open-meteo
2025-06-29T10:00,estacion-central,39.0,39.2,-33.459,-70.699,open-meteo
2025-06-29T11:00,estacion-central,42.3,42.8,-33.459,-70.699,open-meteo
2025-06-29T12:00,estacion-central,39.2,39.7,-33.459,-70.699,open-meteo
2025-06-29T13:00,estacion-central,53.1,53.3,-33.459,-70.699,open-meteo
2025-06-29T14:00,estacion-central,56.9,57.7,-33.459,-70.699,open-meteo
2025-06-29T15:00,estacion-central,49.2,50.5,-33.459,-70.699,open-meteo
2025-06-29T16:00,estacion-central,40.9,41.3,-33.459,-70.699,open-meteo
2025-06-29T17:00,estacion-central,43.0,43.0,-33.459,-70.699,open-meteo
2025-06-29T18:00,estacion-central,44.5,44.5,-33.459,-70.699,open-meteo
2025-06-29T19:00,estacion-central,42.5,42.5,-33.459,-70.699,open-meteo
2025-06-29T20:00,estacion-central,41.0,41.0,-33.459,-70.699,open-meteo
2025-06-29T21:00,estacion-central,46.9,46.9,-33.459,-70.699,open-meteo
2025-06-29T22:00,estacion-central,67.5,67.5,-33.459,-70.699,open-meteo
2025-06-29T23:00,estacion-central,88.7,88.7,-33.459,-70.699,open-meteo
2025-06-30T00:00,estacion-central,117.1,117.1,-33.459,-70.699,open-meteo
2025-06-30T01:00,estacion-central,122.5,122.5,-33.459,-70.699,open-meteo
2025-06-30T02:00,estacion-central,127.6,127.6,-33.459,-70.699,open-meteo
2025-06-30T03:00,estacion-central,132.2,132.2,-33.459,-70.699,open-meteo
2025-06-30T04:00,estacion-central,125.7,127.1,-33.459,-70.699,open-meteo
2025-06-30T05:00,estacion-central,110.8,112.5,-33.459,-70.699,open-meteo
2025-06-30T06:00,estacion-central,93.4,95.2,-33.459,-70.699,open-meteo
2025-06-30T07:00,estacion-central,77.3,79.2,-33.459,-70.699,open-meteo
2025-06-30T08:00,estacion-central,62.9,64.5,-33.459,-70.699,open-meteo
2025-06-30T09:00,estacion-central,51.1,52.0,-33.459,-70.699,open-meteo
2025-06-30T10:00,estacion-central,43.1,43.7,-33.459,-70.699,open-meteo
2025-06-30T11:00,estacion-central,43.2,43.5,-33.459,-70.699,open-meteo
2025-06-30T12:00,estacion-central,56.7,57.0,-33.459,-70.699,open-meteo
2025-06-30T13:00,estacion-central,71.7,72.2,-33.459,-70.699,open-meteo
2025-06-30T14:00,estacion-central,85.7,86.4,-33.459,-70.699,open-meteo
2025-06-30T15:00,estacion-central,96.4,98.0,-33.459,-70.699,open-meteo
2025-06-30T16:00,estacion-central,85.7,88.0,-33.459,-70.699,open-meteo
2025-06-30T17:00,estacion-central,70.3,71.5,-33.459,-70.699,open-meteo
2025-06-30T18:00,estacion-central,64.5,64.7,-33.459,-70.699,open-meteo
2025-06-30T19:00,estacion-central,69.4,69.4,-33.459,-70.699,open-meteo
2025-06-30T20:00,estacion-central,83.6,83.6,-33.459,-70.699,open-meteo
2025-06-30T21:00,estacion-central,102.2,102.4,-33.459,-70.699,open-meteo
2025-06-30T22:00,estacion-central,112.0,112.7,-33.459,-70.699,open-meteo
2025-06-30T23:00,estacion-central,118.5,120.6,-33.459,-70.699,open-meteo
2025-06-01T00:00,santiago,110.4,110.8,-33.4489,-70.6693,open-meteo
2025-06-01T01:00,santiago,108.0,111.1,-33.4489,-70.6693,open-meteo
2025-06-01T02:00,santiago,100.6,102.9,-33.4489,-70.6693,open-meteo
2025-06-01T03:00,santiago,93.8,95.7,-33.4489,-70.6693,open-meteo
2025-06-01T04:00,santiago,85.2,86.8,-33.4489,-70.6693,open-meteo
2025-06-01T05:00,santiago,72.4,73.8,-33.4489,-70.6693,open-meteo
2025-06-01T06:00,santiago,59.5,60.5,-33.4489,-70.6693,open-meteo
2025-06-01T07:00,santiago,47.7,48.3,-33.4489,-70.6693,open-meteo
2025-06-01T08:00,santiago,37.6,38.0,-33.4489,-70.6693,open-meteo
2025-06-01T09:00,santiago,29.6,29.7,-33.4489,-70.6693,open-meteo
2025-06-01T10:00,santiago,24.6,24.6,-33.4489,-70.6693,open-meteo
2025-06-01T11:00,santiago,26.7,26.7,-33.4489,-70.6693,open-meteo
2025-06-01T12:00,santiago,34.5,34.5,-33.4489,-70.6693,open-meteo
2025-06-01T13:00,santiago,56.5,56.5,-33.4489,-70.6693,open-meteo
2025-06-01T14:00,santiago,73.3,73.6,-33.4489,-70.6693,open-meteo
2025-06-01T15:00,santiago,88.5,89.9,-33.4489,-70.6693,open-meteo
2025-06-01T16:00,santiago,96.4,98.5,-33.4489,-70.6693,open-meteo
2025-06-01T17:00,santiago,64.3,64.5,-33.4489,-70.6693,open-meteo
2025-06-01T18:00,santiago,59.4,59.4,-33.4489,-70.6693,open-meteo
2025-06-01T19:00,santiago,69.8,69.8,-33.4489,-70.6693,open-meteo
2025-06-01T20:00,santiago,81.3,81.3,-33.4489,-70.6693,open-meteo
2025-06-01T21:00,santiago,96.9,97.1,-33.4489,-70.6693,open-meteo
2025-06-01T22:00,santiago,114.6,114.8,-33.4489,-70.6693,open-meteo
2025-06-01T23:00,santiago,127.1,127.1,-33.4489,-70.6693,open-meteo
2025-06-02T00:00,santiago,141.1,141.6,-33.4489,-70.6693,open-meteo
2025-06-02T01:00,santiago,151.3,151.8,-33.4489,-70.6693,open-meteo
2025-06-02T02:00,santiago,158.8,159.7,-33.4489,-70.6693,open-meteo
2025-06-02T03:00,santiago,163.0,164.8,-33.4489,-70.6693,open-meteo
2025-06-02T04:00,santiago,149.9,151.8,-33.4489,-70.6693,open-meteo
2025-06-02T05:00,santiago,131.8,134.1,-33.4489,-70.6693,open-meteo
2025-06-02T06:00,santiago,110.8,113.4,-33.4489,-70.6693,open-meteo
2025-06-02T07:00,santiago,92.2,94.5,-33.4489,-70.6693,open-meteo
2025-06-02T08:00,santiago,76.6,78.5,-33.4489,-70.6693,open-meteo
2025-06-02T09:00,santiago,63.8,65.2,-33.4489,-70.6693,open-meteo
2025-06-02T10:00,santiago,54.1,55.2,-33.4489,-70.6693,open-meteo
2025-06-02T11:00,santiago,52.3,53.0,-33.4489,-70.6693,open-meteo
2025-06-02T12:00,santiago,47.4,47.4,-33.4489,-70.6693,open-meteo
2025-06-02T13:00,santiago,66.8,66.8,-33.4489,-70.6693,open-meteo
2025-06-02T14:00,santiago,76.8,77.1,-33.4489,-70.6693,open-meteo
2025-06-02T15:00,santiago,80.3,81.0,-33.4489,-70.6693,open-meteo
2025-06-02T16:00,santiago,95.7,97.8,-33.4489,-70.6693,open-meteo
2025-06-02T17:00,santiago,122.5,125.7,-33.4489,-70.6693,open-meteo
2025-06-02T18:00,santiago,151.8,155.1,-33.4489,-70.6693,open-meteo
2025-06-02T19:00,santiago,192.8,195.1,-33.4489,-70.6693,open-meteo
2025-06-02T20:00,santiago,217.0,218.4,-33.4489,-70.6693,open-meteo
2025-06-02T21:00,santiago,202.6,204.0,-33.4489,-70.6693,open-meteo
2025-06-02T22:00,santiago,174.6,176.5,-33.4489,-70.6693,open-meteo
2025-06-02T23:00,santiago,157.9,160.2,-33.4489,-70.6693,open-meteo
2025-06-03T00:00,santiago,172.3,175.6,-33.4489,-70.6693,open-meteo
2025-06-03T01:00,santiago,169.5,173.7,-33.4489,-70.6693,open-meteo
2025-06-03T02:00,santiago,160.2,164.8,-33.4489,-70.6693,open-meteo
2025-06-03T03:00,santiago,150.4,155.1,-33.4489,-70.6693,open-meteo
2025-06-03T04:00,santiago,142.5,147.1,-33.4489,-70.6693,open-meteo
2025-06-03T05:00,santiago,135.5,139.2,-33.4489,-70.6693,open-meteo
2025-06-03T06:00,santiago,124.3,128.1,-33.4489,-70.6693,open-meteo
2025-06-03T07:00,santiago,108.7,112.2,-33.4489,-70.6693,open-meteo
2025-06-03T08:00,santiago,94.1,97.1,-33.4489,-70.6693,open-meteo
2025-06-03T09:00,santiago,81.7,84.8,-33.4489,-70.6693,open-meteo
2025-06-03T10:00,santiago,73.6,76.4,-33.4489,-70.6693,open-meteo
2025-06-03T11:00,santiago,72.9,75.4,-33.4489,-70.6693,open-meteo
2025-06-03T12:00,santiago,84.5,86.8,-33.4489,-70.6693,open-meteo
2025-06-03T13:00,santiago,109.4,111.5,-33.4489,-70.6693,open-meteo
2025-06-03T14:00,santiago,105.5,108.5,-33.4489,-70.6693,open-meteo
2025-06-03T15:00,santiago,117.3,121.1,-33.4489,-70.6693,open-meteo
2025-06-03T16:00,santiago,116.4,120.1,-33.4489,-70.6693,open-meteo
2025-06-03T17:00,santiago,135.0,137.8,-33.4489,-70.6693,open-meteo
2025-06-03T18:00,santiago,138.3,139.7,-33.4489,-70.6693,open-meteo
2025-06-03T19:00,santiago,145.3,145.8,-33.4489,-70.6693,open-meteo
2025-06-03T20:00,santiago,154.1,154.6,-33.4489,-70.6693,open-meteo
2025-06-03T21:00,santiago,158.8,159.3,-33.4489,-70.6693,open-meteo
2025-06-03T22:00,santiago,170.0,170.9,-33.4489,-70.6693,open-meteo
2025-06-03T23:00,santiago,182.5,184.4,-33.4489,-70.6693,open-meteo
2025-06-04T00:00,santiago,165.8,168.1,-33.4489,-70.6693,open-meteo
2025-06-04T01:00,santiago,161.6,163.9,-33.4489,-70.6693,open-meteo
2025-06-04T02:00,santiago,152.7,154.6,-33.4489,-70.6693,open-meteo
2025-06-04T03:00,santiago,150.9,153.7,-33.4489,-70.6693,open-meteo
2025-06-04T04:00,santiago,147.6,150.9,-33.4489,-70.6693,open-meteo
2025-06-04T05:00,santiago,137.4,139.7,-33.4489,-70.6693,open-meteo
2025-06-04T06:00,santiago,128.1,130.9,-33.4489,-70.6693,open-meteo
2025-06-04T07:00,santiago,123.9,126.2,-33.4489,-70.6693,open-meteo
2025-06-04T08:00,santiago,121.5,123.4,-33.4489,-70.6693,open-meteo
2025-06-04T09:00,santiago,118.5,120.6,-33.4489,-70.6693,open-meteo
2025-06-04T10:00,santiago,115.0,117.3,-33.4489,-70.6693,open-meteo
2025-06-04T11:00,santiago,116.9,119.7,-33.4489,-70.6693,open-meteo
2025-06-04T12:00,santiago,105.9,109.4,-33.4489,-70.6693,open-meteo
2025-06-04T13:00,santiago,114.3,118.0,-33.4489,-70.6693,open-meteo
2025-06-04T14:00,santiago,136.4,140.6,-33.4489,-70.6693,open-meteo
2025-06-04T15:00,santiago,131.3,134.6,-33.4489,-70.6693,open-meteo
2025-06-04T16:00,santiago,111.5,111.8,-33.4489,-70.6693,open-meteo
2025-06-04T17:00,santiago,97.8,98.0,-33.4489,-70.6693,open-meteo
2025-06-04T18:00,santiago,85.2,85.4,-33.4489,-70.6693,open-meteo
2025-06-04T19:00,santiago,78.0,78.5,-33.4489,-70.6693,open-meteo
2025-06-04T20:00,santiago,75.2,75.4,-33.4489,-70.6693,open-meteo
2025-06-04T21:00,santiago,86.1,86.1,-33.4489,-70.6693,open-meteo
2025-06-04T22:00,santiago,104.8,105.0,-33.4489,-70.6693,open-meteo
2025-06-04T23:00,santiago,120.1,120.1,-33.4489,-70.6693,open-meteo
2025-06-05T00:00,santiago,128.5,129.0,-33.4489,-70.6693,open-meteo
2025-06-05T01:00,santiago,114.1,114.8,-33.4489,-70.6693,open-meteo
2025-06-05T02:00,santiago,113.9,115.5,-33.4489,-70.6693,open-meteo
2025-06-05T03:00,santiago,112.9,115.7,-33.4489,-70.6693,open-meteo
2025-06-05T04:00,santiago,110.1,113.6,-33.4489,-70.6693,open-meteo
2025-06-05T05:00,santiago,109.2,112.7,-33.4489,-70.6693,open-meteo
2025-06-05T06:00,santiago,109.7,113.2,-33.4489,-70.6693,open-meteo
2025-06-05T07:00,santiago,100.1,103.4,-33.4489,-70.6693,open-meteo
2025-06-05T08:00,santiago,88.9,91.7,-33.4489,-70.6693,open-meteo
2025-06-05T09:00,santiago,76.6,79.2,-33.4489,-70.6693,open-meteo
2025-06-05T10:00,santiago,65.7,68.0,-33.4489,-70.6693,open-meteo
2025-06-05T11:00,santiago,61.9,63.8,-33.4489,-70.6693,open-meteo
2025-06-05T12:00,santiago,55.1,55.4,-33.4489,-70.6693,open-meteo
2025-06-05T13:00,santiago,72.6,72.9,-33.4489,-70.6693,open-meteo
2025-06-05T14:00,santiago,87.3,88.0,-33.4489,-70.6693,open-meteo
2025-06-05T15:00,santiago,102.0,103.6,-33.4489,-70.6693,open-meteo
2025-06-05T16:00,santiago,62.4,63.3,-33.4489,-70.6693,open-meteo
2025-06-05T17:00,santiago,58.1,58.6,-33.4489,-70.6693,open-meteo
2025-06-05T18:00,santiago,63.3,63.8,-33.4489,-70.6693,open-meteo
2025-06-05T19:00,santiago,65.7,65.9,-33.4489,-70.6693,open-meteo
2025-06-05T20:00,santiago,71.9,72.2,-33.4489,-70.6693,open-meteo
2025-06-05T21:00,santiago,95.7,95.9,-33.4489,-70.6693,open-meteo
2025-06-05T22:00,santiago,119.2,119.2,-33.4489,-70.6693,open-meteo
2025-06-05T23:00,santiago,137.8,137.8,-33.4489,-70.6693,open-meteo
2025-06-06T00:00,santiago,138.8,139.2,-33.4489,-70.6693,open-meteo
2025-06-06T01:00,santiago,141.6,142.0,-33.4489,-70.6693,open-meteo
2025-06-06T02:00,santiago,142.5,143.9,-33.4489,-70.6693,open-meteo
2025-06-06T03:00,santiago,146.2,148.5,-33.4489,-70.6693,open-meteo
2025-06-06T04:00,santiago,150.9,154.1,-33.4489,-70.6693,open-meteo
2025-06-06T05:00,santiago,142.5,145.8,-33.4489,-70.6693,open-meteo
2025-06-06T06:00,santiago,123.9,126.7,-33.4489,-70.6693,open-meteo
2025-06-06T07:00,santiago,108.5,111.3,-33.4489,-70.6693,open-meteo
2025-06-06T08:00,santiago,93.8,96.4,-33.4489,-70.6693,open-meteo
2025-06-06T09:00,santiago,82.2,84.5,-33.4489,-70.6693,open-meteo
2025-06-06T10:00,santiago,72.9,75.2,-33.4489,-70.6693,open-meteo
2025-06-06T11:00,santiago,71.7,74.3,-33.4489,-70.6693,open-meteo
2025-06-06T12:00,santiago,56.6,56.7,-33.4489,-70.6693,open-meteo
2025-06-06T13:00,santiago,74.7,74.7,-33.4489,-70.6693,open-meteo
2025-06-06T14:00,santiago,92.2,92.9,-33.4489,-70.6693,open-meteo
2025-06-06T15:00,santiago,88.5,91.0,-33.4489,-70.6693,open-meteo
2025-06-06T16:00,santiago,59.6,60.5,-33.4489,-70.6693,open-meteo
2025-06-06T17:00,santiago,61.7,61.7,-33.4489,-70.6693,open-meteo
2025-06-06T18:00,santiago,58.3,58.4,-33.4489,-70.6693,open-meteo
2025-06-06T19:00,santiago,53.8,53.8,-33.4489,-70.6693,open-meteo
2025-06-06T20:00,santiago,56.2,56.2,-33.4489,-70.6693,open-meteo
2025-06-06T21:00,santiago,67.3,67.5,-33.4489,-70.6693,open-meteo
2025-06-06T22:00,santiago,82.4,82.7,-33.4489,-70.6693,open-meteo
2025-06-06T23:00,santiago,94.3,94.5,-33.4489,-70.6693,open-meteo
2025-06-07T00:00,santiago,100.8,101.5,-33.4489,-70.6693,open-meteo
2025-06-07T01:00,santiago,109.9,110.6,-33.4489,-70.6693,open-meteo
2025-06-07T02:00,santiago,118.7,119.7,-33.4489,-70.6693,open-meteo
2025-06-07T03:00,santiago,110.1,110.8,-33.4489,-70.6693,open-meteo
2025-06-07T04:00,santiago,105.7,106.4,-33.4489,-70.6693,open-meteo
2025-06-07T05:00,santiago,105.2,106.2,-33.4489,-70.6693,open-meteo
2025-06-07T06:00,santiago,106.9,107.6,-33.4489,-70.6693,open-meteo
2025-06-07T07:00,santiago,107.3,108.3,-33.4489,-70.6693,open-meteo
2025-06-07T08:00,santiago,105.0,105.7,-33.4489,-70.6693,open-meteo
2025-06-07T09:00,santiago,95.9,96.6,-33.4489,-70.6693,open-meteo
2025-06-07T10:00,santiago,85.7,86.8,-33.4489,-70.6693,open-meteo
2025-06-07T11:00,santiago,81.7,83.4,-33.4489,-70.6693,open-meteo
2025-06-07T12:00,santiago,71.7,71.9,-33.4489,-70.6693,open-meteo
2025-06-07T13:00,santiago,78.0,78.5,-33.4489,-70.6693,open-meteo
2025-06-07T14:00,santiago,91.5,92.0,-33.4489,-70.6693,open-meteo
2025-06-07T15:00,santiago,97.6,98.0,-33.4489,-70.6693,open-meteo
2025-06-07T16:00,santiago,100.4,100.8,-33.4489,-70.6693,open-meteo
2025-06-07T17:00,santiago,94.1,94.3,-33.4489,-70.6693,open-meteo
2025-06-07T18:00,santiago,84.5,84.8,-33.4489,-70.6693,open-meteo
2025-06-07T19:00,santiago,75.9,76.4,-33.4489,-70.6693,open-meteo
2025-06-07T20:00,santiago,74.3,74.5,-33.4489,-70.6693,open-meteo
2025-06-07T21:00,santiago,89.2,89.4,-33.4489,-70.6693,open-meteo
2025-06-07T22:00,santiago,107.6,108.0,-33.4489,-70.6693,open-meteo
2025-06-07T23:00,santiago,122.0,122.0,-33.4489,-70.6693,open-meteo
2025-06-08T00:00,santiago,128.1,128.5,-33.4489,-70.6693,open-meteo
2025-06-08T01:00,santiago,133.6,134.1,-33.4489,-70.6693,open-meteo
2025-06-08T02:00,santiago,140.6,141.1,-33.4489,-70.6693,open-meteo
2025-06-08T03:00,santiago,150.9,151.3,-33.4489,-70.6693,open-meteo
2025-06-08T04:00,santiago,142.0,143.0,-33.4489,-70.6693,open-meteo
2025-06-08T05:00,santiago,122.9,123.9,-33.4489,-70.6693,open-meteo
2025-06-08T06:00,santiago,112.9,113.6,-33.4489,-70.6693,open-meteo
2025-06-08T07:00,santiago,107.6,108.3,-33.4489,-70.6693,open-meteo
2025-06-08T08:00,santiago,103.6,104.5,-33.4489,-70.6693,open-meteo
2025-06-08T09:00,santiago,101.0,102.0,-33.4489,-70.6693,open-meteo
2025-06-08T10:00,santiago,102.0,102.9,-33.4489,-70.6693,open-meteo
2025-06-08T11:00,santiago,102.2,102.9,-33.4489,-70.6693,open-meteo
2025-06-08T12:00,santiago,67.3,67.3,-33.4489,-70.6693,open-meteo
2025-06-08T13:00,santiago,83.4,83.6,-33.4489,-70.6693,open-meteo
2025-06-08T14:00,santiago,98.7,99.4,-33.4489,-70.6693,open-meteo
2025-06-08T15:00,santiago,110.8,112.7,-33.4489,-70.6693,open-meteo
2025-06-08T16:00,santiago,82.0,84.5,-33.4489,-70.6693,open-meteo
2025-06-08T17:00,santiago,84.5,85.7,-33.4489,-70.6693,open-meteo
2025-06-08T18:00,santiago,71.5,71.9,-33.4489,-70.6693,open-meteo
2025-06-08T19:00,santiago,70.3,70.5,-33.4489,-70.6693,open-meteo
2025-06-08T20:00,santiago,78.9,79.2,-33.4489,-70.6693,open-meteo
2025-06-08T21:00,santiago,98.3,98.5,-33.4489,-70.6693,open-meteo
2025-06-08T22:00,santiago,120.6,120.6,-33.4489,-70.6693,open-meteo
2025-06-08T23:00,santiago,135.5,136.4,-33.4489,-70.6693,open-meteo
2025-06-09T00:00,santiago,124.3,125.7,-33.4489,-70.6693,open-meteo
2025-06-09T01:00,santiago,128.5,132.2,-33.4489,-70.6693,open-meteo
2025-06-09T02:00,santiago,128.1,131.3,-33.4489,-70.6693,open-meteo
2025-06-09T03:00,santiago,131.8,134.6,-33.4489,-70.6693,open-meteo
2025-06-09T04:00,santiago,128.5,130.9,-33.4489,-70.6693,open-meteo
2025-06-09T05:00,santiago,115.0,117.1,-33.4489,-70.6693,open-meteo
2025-06-09T06:00,santiago,99.7,101.7,-33.4489,-70.6693,open-meteo
2025-06-09T07:00,santiago,86.1,87.8,-33.4489,-70.6693,open-meteo
2025-06-09T08:00,santiago,72.9,74.3,-33.4489,-70.6693,open-meteo
2025-06-09T09:00,santiago,60.1,61.2,-33.4489,-70.6693,open-meteo
2025-06-09T10:00,santiago,49.9,50.8,-33.4489,-70.6693,open-meteo
2025-06-09T11:00,santiago,47.4,47.8,-33.4489,-70.6693,open-meteo
2025-06-09T12:00,santiago,49.1,49.1,-33.4489,-70.6693,open-meteo
2025-06-09T13:00,santiago,67.3,67.3,-33.4489,-70.6693,open-meteo
2025-06-09T14:00,santiago,80.8,81.0,-33.4489,-70.6693,open-meteo
2025-06-09T15:00,santiago,91.7,92.7,-33.4489,-70.6693,open-meteo
2025-06-09T16:00,santiago,110.8,113.6,-33.4489,-70.6693,open-meteo
2025-06-09T17:00,santiago,66.4,67.3,-33.4489,-70.6693,open-meteo
2025-06-09T18:00,santiago,65.4,65.7,-33.4489,-70.6693,open-meteo
2025-06-09T19:00,santiago,75.0,75.0,-33.4489,-70.6693,open-meteo
2025-06-09T20:00,santiago,95.5,95.5,-33.4489,-70.6693,open-meteo
2025-06-09T21:00,santiago,119.2,119.7,-33.4489,-70.6693,open-meteo
2025-06-09T22:00,santiago,134.6,135.5,-33.4489,-70.6693,open-meteo
2025-06-09T23:00,santiago,138.3,141.1,-33.4489,-70.6693,open-meteo
2025-06-10T00:00,santiago,122.0,125.7,-33.4489,-70.6693,open-meteo
2025-06-10T01:00,santiago,118.5,121.1,-33.4489,-70.6693,open-meteo
2025-06-10T02:00,santiago,114.3,116.2,-33.4489,-70.6693,open-meteo
2025-06-10T03:00,santiago,109.0,110.6,-33.4489,-70.6693,open-meteo
2025-06-10T04:00,santiago,99.9,101.0,-33.4489,-70.6693,open-meteo
2025-06-10T05:00,santiago,86.4,87.1,-33.4489,-70.6693,open-meteo
2025-06-10T06:00,santiago,72.4,72.6,-33.4489,-70.6693,open-meteo
2025-06-10T07:00,santiago,58.7,58.8,-33.4489,-70.6693,open-meteo
2025-06-10T08:00,santiago,46.4,46.7,-33.4489,-70.6693,open-meteo
2025-06-10T09:00,santiago,36.6,36.7,-33.4489,-70.6693,open-meteo
2025-06-10T10:00,santiago,29.9,29.9,-33.4489,-70.6693,open-meteo
2025-06-10T11:00,santiago,31.0,31.1,-33.4489,-70.6693,open-meteo
2025-06-10T12:00,santiago,41.9,41.9,-33.4489,-70.6693,open-meteo
2025-06-10T13:00,santiago,61.0,61.0,-33.4489,-70.6693,open-meteo
2025-06-10T14:00,santiago,72.9,73.1,-33.4489,-70.6693,open-meteo
2025-06-10T15:00,santiago,83.1,84.3,-33.4489,-70.6693,open-meteo
2025-06-10T16:00,santiago,83.6,85.7,-33.4489,-70.6693,open-meteo
2025-06-10T17:00,santiago,57.6,58.4,-33.4489,-70.6693,open-meteo
2025-06-10T18:00,santiago,46.3,46.4,-33.4489,-70.6693,open-meteo
2025-06-10T19:00,santiago,56.3,56.3,-33.4489,-70.6693,open-meteo
2025-06-10T20:00,santiago,80.3,80.3,-33.4489,-70.6693,open-meteo
2025-06-10T21:00,santiago,104.8,104.8,-33.4489,-70.6693,open-meteo
2025-06-10T22:00,santiago,129.5,129.5,-33.4489,-70.6693,open-meteo
2025-06-10T23:00,santiago,146.2,146.2,-33.4489,-70.6693,open-meteo
2025-06-11T00:00,santiago,146.2,146.2,-33.4489,-70.6693,open-meteo
2025-06-11T01:00,santiago,142.5,145.8,-33.4489,-70.6693,open-meteo
2025-06-11T02:00,santiago,142.5,147.1,-33.4489,-70.6693,open-meteo
2025-06-11T03:00,santiago,145.3,149.5,-33.4489,-70.6693,open-meteo
2025-06-11T04:00,santiago,130.4,134.1,-33.4489,-70.6693,open-meteo
2025-06-11T05:00,santiago,109.7,112.5,-33.4489,-70.6693,open-meteo
2025-06-11T06:00,santiago,93.4,95.7,-33.4489,-70.6693,open-meteo
2025-06-11T07:00,santiago,79.6,81.5,-33.4489,-70.6693,open-meteo
2025-06-11T08:00,santiago,63.1,65.0,-33.4489,-70.6693,open-meteo
2025-06-11T09:00,santiago,57.9,60.1,-33.4489,-70.6693,open-meteo
2025-06-11T10:00,santiago,55.2,57.7,-33.4489,-70.6693,open-meteo
2025-06-11T11:00,santiago,60.3,62.9,-33.4489,-70.6693,open-meteo
2025-06-11T12:00,santiago,72.9,75.0,-33.4489,-70.6693,open-meteo
2025-06-11T13:00,santiago,79.9,82.2,-33.4489,-70.6693,open-meteo
2025-06-11T14:00,santiago,94.1,97.1,-33.4489,-70.6693,open-meteo
2025-06-11T15:00,santiago,72.6,74.0,-33.4489,-70.6693,open-meteo
2025-06-11T16:00,santiago,82.9,83.6,-33.4489,-70.6693,open-meteo
2025-06-11T17:00,santiago,91.3,92.0,-33.4489,-70.6693,open-meteo
2025-06-11T18:00,santiago,97.1,97.8,-33.4489,-70.6693,open-meteo
2025-06-11T19:00,santiago,95.5,96.2,-33.4489,-70.6693,open-meteo
2025-06-11T20:00,santiago,91.5,92.0,-33.4489,-70.6693,open-meteo
2025-06-11T21:00,santiago,88.5,88.7,-33.4489,-70.6693,open-meteo
2025-06-11T22:00,santiago,86.4,86.8,-33.4489,-70.6693,open-meteo
2025-06-11T23:00,santiago,85.0,85.4,-33.4489,-70.6693,open-meteo
2025-06-12T00:00,santiago,105.5,106.2,-33.4489,-70.6693,open-meteo
2025-06-12T01:00,santiago,110.8,111.5,-33.4489,-70.6693,open-meteo
2025-06-12T02:00,santiago,111.8,112.5,-33.4489,-70.6693,open-meteo
2025-06-12T03:00,santiago,117.6,118.3,-33.4489,-70.6693,open-meteo
2025-06-12T04:00,santiago,118.0,118.5,-33.4489,-70.6693,open-meteo
2025-06-12T05:00,santiago,101.7,102.2,-33.4489,-70.6693,open-meteo
2025-06-12T06:00,santiago,85.7,86.4,-33.4489,-70.6693,open-meteo
2025-06-12T07:00,santiago,77.5,78.2,-33.4489,-70.6693,open-meteo
2025-06-12T08:00,santiago,71.5,72.2,-33.4489,-70.6693,open-meteo
2025-06-12T09:00,santiago,58.9,59.8,-33.4489,-70.6693,open-meteo
2025-06-12T10:00,santiago,50.6,51.2,-33.4489,-70.6693,open-meteo
2025-06-12T11:00,santiago,47.0,47.4,-33.4489,-70.6693,open-meteo
2025-06-12T12:00,santiago,16.3,16.4,-33.4489,-70.6693,open-meteo
2025-06-12T13:00,santiago,19.7,19.8,-33.4489,-70.6693,open-meteo
2025-06-12T14:00,santiago,31.1,31.2,-33.4489,-70.6693,open-meteo
2025-06-12T15:00,santiago,37.3,37.6,-33.4489,-70.6693,open-meteo
2025-06-12T16:00,santiago,36.6,37.3,-33.4489,-70.6693,open-meteo
2025-06-12T17:00,santiago,34.5,35.3,-33.4489,-70.6693,open-meteo
2025-06-12T18:00,santiago,31.7,32.4,-33.4489,-70.6693,open-meteo
2025-06-12T19:00,santiago,26.2,26.8,-33.4489,-70.6693,open-meteo
2025-06-12T20:00,santiago,21.6,22.2,-33.4489,-70.6693,open-meteo
2025-06-12T21:00,santiago,31.9,32.6,-33.4489,-70.6693,open-meteo
2025-06-12T22:00,santiago,49.4,50.2,-33.4489,-70.6693,open-meteo
2025-06-12T23:00,santiago,68.7,69.4,-33.4489,-70.6693,open-meteo
2025-06-13T00:00,santiago,43.5,44.6,-33.4489,-70.6693,open-meteo
2025-06-13T01:00,santiago,51.3,52.4,-33.4489,-70.6693,open-meteo
2025-06-13T02:00,santiago,71.5,72.6,-33.4489,-70.6693,open-meteo
2025-06-13T03:00,santiago,81.7,82.9,-33.4489,-70.6693,open-meteo
2025-06-13T04:00,santiago,87.8,88.9,-33.4489,-70.6693,open-meteo
2025-06-13T05:00,santiago,85.7,87.1,-33.4489,-70.6693,open-meteo
2025-06-13T06:00,santiago,78.7,80.1,-33.4489,-70.6693,open-meteo
2025-06-13T07:00,santiago,70.3,71.7,-33.4489,-70.6693,open-meteo
2025-06-13T08:00,santiago,61.0,62.2,-33.4489,-70.6693,open-meteo
2025-06-13T09:00,santiago,52.5,53.2,-33.4489,-70.6693,open-meteo
2025-06-13T10:00,santiago,46.1,46.6,-33.4489,-70.6693,open-meteo
2025-06-13T11:00,santiago,45.6,46.1,-33.4489,-70.6693,open-meteo
2025-06-13T12:00,santiago,88.0,89.4,-33.4489,-70.6693,open-meteo
2025-06-13T13:00,santiago,112.5,114.1,-33.4489,-70.6693,open-meteo
2025-06-13T14:00,santiago,82.7,85.4,-33.4489,-70.6693,open-meteo
2025-06-13T15:00,santiago,52.0,54.2,-33.4489,-70.6693,open-meteo
2025-06-13T16:00,santiago,55.5,56.2,-33.4489,-70.6693,open-meteo
2025-06-13T17:00,santiago,52.7,52.9,-33.4489,-70.6693,open-meteo
2025-06-13T18:00,santiago,44.8,45.1,-33.4489,-70.6693,open-meteo
2025-06-13T19:00,santiago,39.3,39.6,-33.4489,-70.6693,open-meteo
2025-06-13T20:00,santiago,38.1,38.4,-33.4489,-70.6693,open-meteo
2025-06-13T21:00,santiago,43.0,43.3,-33.4489,-70.6693,open-meteo
2025-06-13T22:00,santiago,55.4,55.8,-33.4489,-70.6693,open-meteo
2025-06-13T23:00,santiago,71.0,71.7,-33.4489,-70.6693,open-meteo
2025-06-14T00:00,santiago,114.3,115.0,-33.4489,-70.6693,open-meteo
2025-06-14T01:00,santiago,116.6,117.3,-33.4489,-70.6693,open-meteo
2025-06-14T02:00,santiago,117.1,118.0,-33.4489,-70.6693,open-meteo
2025-06-14T03:00,santiago,111.3,112.2,-33.4489,-70.6693,open-meteo
2025-06-14T04:00,santiago,100.8,101.3,-33.4489,-70.6693,open-meteo
2025-06-14T05:00,santiago,79.6,79.9,-33.4489,-70.6693,open-meteo
2025-06-14T06:00,santiago,57.7,57.9,-33.4489,-70.6693,open-meteo
2025-06-14T07:00,santiago,40.7,40.9,-33.4489,-70.6693,open-meteo
2025-06-14T08:00,santiago,33.1,33.2,-33.4489,-70.6693,open-meteo
2025-06-14T09:00,santiago,26.3,26.4,-33.4489,-70.6693,open-meteo
2025-06-14T10:00,santiago,22.4,22.6,-33.4489,-70.6693,open-meteo
2025-06-14T11:00,santiago,25.6,25.7,-33.4489,-70.6693,open-meteo
2025-06-14T12:00,santiago,38.3,38.8,-33.4489,-70.6693,open-meteo
2025-06-14T13:00,santiago,48.2,48.7,-33.4489,-70.6693,open-meteo
2025-06-14T14:00,santiago,53.1,53.9,-33.4489,-70.6693,open-meteo
2025-06-14T15:00,santiago,56.9,58.3,-33.4489,-70.6693,open-meteo
2025-06-14T16:00,santiago,58.3,59.8,-33.4489,-70.6693,open-meteo
2025-06-14T17:00,santiago,39.1,39.5,-33.4489,-70.6693,open-meteo
2025-06-14T18:00,santiago,35.5,35.6,-33.4489,-70.6693,open-meteo
2025-06-14T19:00,santiago,44.1,44.2,-33.4489,-70.6693,open-meteo
2025-06-14T20:00,santiago,54.0,54.0,-33.4489,-70.6693,open-meteo
2025-06-14T21:00,santiago,65.2,65.2,-33.4489,-70.6693,open-meteo
2025-06-14T22:00,santiago,77.8,78.0,-33.4489,-70.6693,open-meteo
2025-06-14T23:00,santiago,87.8,88.2,-33.4489,-70.6693,open-meteo
2025-06-15T00:00,santiago,72.9,76.6,-33.4489,-70.6693,open-meteo
2025-06-15T01:00,santiago,86.8,91.0,-33.4489,-70.6693,open-meteo
2025-06-15T02:00,santiago,101.7,106.6,-33.4489,-70.6693,open-meteo
2025-06-15T03:00,santiago,102.2,106.2,-33.4489,-70.6693,open-meteo
2025-06-15T04:00,santiago,90.8,93.4,-33.4489,-70.6693,open-meteo
2025-06-15T05:00,santiago,75.4,77.3,-33.4489,-70.6693,open-meteo
2025-06-15T06:00,santiago,63.6,65.0,-33.4489,-70.6693,open-meteo
2025-06-15T07:00,santiago,54.6,55.8,-33.4489,-70.6693,open-meteo
2025-06-15T08:00,santiago,48.7,49.6,-33.4489,-70.6693,open-meteo
2025-06-15T09:00,santiago,45.5,46.3,-33.4489,-70.6693,open-meteo
2025-06-15T10:00,santiago,45.1,46.0,-33.4489,-70.6693,open-meteo
2025-06-15T11:00,santiago,51.2,52.0,-33.4489,-70.6693,open-meteo
2025-06-15T12:00,santiago,64.3,65.4,-33.4489,-70.6693,open-meteo
2025-06-15T13:00,santiago,74.7,76.1,-33.4489,-70.6693,open-meteo
2025-06-15T14:00,santiago,81.0,82.9,-33.4489,-70.6693,open-meteo
2025-06-15T15:00,santiago,71.2,74.3,-33.4489,-70.6693,open-meteo
2025-06-15T16:00,santiago,34.8,36.3,-33.4489,-70.6693,open-meteo
2025-06-15T17:00,santiago,25.1,25.7,-33.4489,-70.6693,open-meteo
2025-06-15T18:00,santiago,22.2,22.8,-33.4489,-70.6693,open-meteo
2025-06-15T19:00,santiago,21.0,21.5,-33.4489,-70.6693,open-meteo
2025-06-15T20:00,santiago,16.7,17.2,-33.4489,-70.6693,open-meteo
2025-06-15T21:00,santiago,19.6,20.1,-33.4489,-70.6693,open-meteo
2025-06-15T22:00,santiago,21.9,22.4,-33.4489,-70.6693,open-meteo
2025-06-15T23:00,santiago,27.6,28.1,-33.4489,-70.6693,open-meteo
2025-06-16T00:00,santiago,53.4,55.3,-33.4489,-70.6693,open-meteo
2025-06-16T01:00,santiago,60.1,61.9,-33.4489,-70.6693,open-meteo
2025-06-16T02:00,santiago,67.5,69.4,-33.4489,-70.6693,open-meteo
2025-06-16T03:00,santiago,75.2,76.8,-33.4489,-70.6693,open-meteo
2025-06-16T04:00,santiago,50.4,52.6,-33.4489,-70.6693,open-meteo
2025-06-16T05:00,santiago,17.1,18.7,-33.4489,-70.6693,open-meteo
2025-06-16T06:00,santiago,12.8,13.8,-33.4489,-70.6693,open-meteo
2025-06-16T07:00,santiago,10.6,11.3,-33.4489,-70.6693,open-meteo
2025-06-16T08:00,santiago,9.0,9.4,-33.4489,-70.6693,open-meteo
2025-06-16T09:00,santiago,8.9,9.2,-33.4489,-70.6693,open-meteo
2025-06-16T10:00,santiago,10.2,10.4,-33.4489,-70.6693,open-meteo
2025-06-16T11:00,santiago,13.4,13.6,-33.4489,-70.6693,open-meteo
2025-06-16T12:00,santiago,31.0,31.2,-33.4489,-70.6693,open-meteo
2025-06-16T13:00,santiago,43.2,44.1,-33.4489,-70.6693,open-meteo
2025-06-16T14:00,santiago,54.7,55.5,-33.4489,-70.6693,open-meteo
2025-06-16T15:00,santiago,41.7,43.0,-33.4489,-70.6693,open-meteo
2025-06-16T16:00,santiago,35.9,36.7,-33.4489,-70.6693,open-meteo
2025-06-16T17:00,santiago,21.9,22.1,-33.4489,-70.6693,open-meteo
2025-06-16T18:00,santiago,17.8,17.9,-33.4489,-70.6693,open-meteo
2025-06-16T19:00,santiago,15.8,16.0,-33.4489,-70.6693,open-meteo
2025-06-16T20:00,santiago,21.4,21.6,-33.4489,-70.6693,open-meteo
2025-06-16T21:00,santiago,32.6,32.7,-33.4489,-70.6693,open-meteo
2025-06-16T22:00,santiago,37.6,37.7,-33.4489,-70.6693,open-meteo
2025-06-16T23:00,santiago,37.1,37.3,-33.4489,-70.6693,open-meteo
2025-06-17T00:00,santiago,39.5,39.9,-33.4489,-70.6693,open-meteo
2025-06-17T01:00,santiago,30.4,30.9,-33.4489,-70.6693,open-meteo
2025-06-17T02:00,santiago,32.5,32.9,-33.4489,-70.6693,open-meteo
2025-06-17T03:00,santiago,37.5,38.0,-33.4489,-70.6693,open-meteo
2025-06-17T04:00,santiago,40.6,41.4,-33.4489,-70.6693,open-meteo
2025-06-17T05:00,santiago,36.7,37.6,-33.4489,-70.6693,open-meteo
2025-06-17T06:00,santiago,30.7,31.2,-33.4489,-70.6693,open-meteo
2025-06-17T07:00,santiago,25.8,26.2,-33.4489,-70.6693,open-meteo
2025-06-17T08:00,santiago,22.6,22.8,-33.4489,-70.6693,open-meteo
2025-06-17T09:00,santiago,21.0,21.2,-33.4489,-70.6693,open-meteo
2025-06-17T10:00,santiago,22.2,22.4,-33.4489,-70.6693,open-meteo
2025-06-17T11:00,santiago,29.6,29.8,-33.4489,-70.6693,open-meteo
2025-06-17T12:00,santiago,52.6,52.7,-33.4489,-70.6693,open-meteo
2025-06-17T13:00,santiago,66.8,67.3,-33.4489,-70.6693,open-meteo
2025-06-17T14:00,santiago,69.4,70.3,-33.4489,-70.6693,open-meteo
2025-06-17T15:00,santiago,44.1,45.6,-33.4489,-70.6693,open-meteo
2025-06-17T16:00,santiago,42.6,43.2,-33.4489,-70.6693,open-meteo
2025-06-17T17:00,santiago,41.1,41.7,-33.4489,-70.6693,open-meteo
2025-06-17T18:00,santiago,38.6,39.1,-33.4489,-70.6693,open-meteo
2025-06-17T19:00,santiago,36.7,37.3,-33.4489,-70.6693,open-meteo
2025-06-17T20:00,santiago,36.6,37.1,-33.4489,-70.6693,open-meteo
2025-06-17T21:00,santiago,47.5,48.0,-33.4489,-70.6693,open-meteo
2025-06-17T22:00,santiago,57.9,58.3,-33.4489,-70.6693,open-meteo
2025-06-17T23:00,santiago,53.3,53.9,-33.4489,-70.6693,open-meteo
2025-06-18T00:00,santiago,47.8,48.1,-33.4489,-70.6693,open-meteo
2025-06-18T01:00,santiago,55.5,55.8,-33.4489,-70.6693,open-meteo
2025-06-18T02:00,santiago,56.0,56.2,-33.4489,-70.6693,open-meteo
2025-06-18T03:00,santiago,55.4,55.5,-33.4489,-70.6693,open-meteo
2025-06-18T04:00,santiago,54.1,54.1,-33.4489,-70.6693,open-meteo
2025-06-18T05:00,santiago,44.6,44.7,-33.4489,-70.6693,open-meteo
2025-06-18T06:00,santiago,34.0,34.0,-33.4489,-70.6693,open-meteo
2025-06-18T07:00,santiago,26.1,26.1,-33.4489,-70.6693,open-meteo
2025-06-18T08:00,santiago,20.3,20.3,-33.4489,-70.6693,open-meteo
2025-06-18T09:00,santiago,16.8,16.9,-33.4489,-70.6693,open-meteo
2025-06-18T10:00,santiago,13.1,13.4,-33.4489,-70.6693,open-meteo
2025-06-18T11:00,santiago,15.8,16.1,-33.4489,-70.6693,open-meteo
2025-06-18T12:00,santiago,23.1,23.1,-33.4489,-70.6693,open-meteo
2025-06-18T13:00,santiago,38.1,38.2,-33.4489,-70.6693,open-meteo
2025-06-18T14:00,santiago,43.0,43.7,-33.4489,-70.6693,open-meteo
2025-06-18T15:00,santiago,53.4,54.8,-33.4489,-70.6693,open-meteo
2025-06-18T16:00,santiago,46.0,46.6,-33.4489,-70.6693,open-meteo
2025-06-18T17:00,santiago,38.5,38.5,-33.4489,-70.6693,open-meteo
2025-06-18T18:00,santiago,36.9,37.0,-33.4489,-70.6693,open-meteo
2025-06-18T19:00,santiago,37.4,37.4,-33.4489,-70.6693,open-meteo
2025-06-18T20:00,santiago,41.4,41.4,-33.4489,-70.6693,open-meteo
2025-06-18T21:00,santiago,68.2,68.5,-33.4489,-70.6693,open-meteo
2025-06-18T22:00,santiago,93.1,93.4,-33.4489,-70.6693,open-meteo
2025-06-18T23:00,santiago,107.8,109.0,-33.4489,-70.6693,open-meteo
2025-06-19T00:00,santiago,106.6,108.5,-33.4489,-70.6693,open-meteo
2025-06-19T01:00,santiago,101.0,105.2,-33.4489,-70.6693,open-meteo
2025-06-19T02:00,santiago,96.2,99.9,-33.4489,-70.6693,open-meteo
2025-06-19T03:00,santiago,90.1,92.7,-33.4489,-70.6693,open-meteo
2025-06-19T04:00,santiago,79.6,81.3,-33.4489,-70.6693,open-meteo
2025-06-19T05:00,santiago,65.9,67.1,-33.4489,-70.6693,open-meteo
2025-06-19T06:00,santiago,53.4,54.4,-33.4489,-70.6693,open-meteo
2025-06-19T07:00,santiago,43.3,44.0,-33.4489,-70.6693,open-meteo
2025-06-19T08:00,santiago,35.0,35.6,-33.4489,-70.6693,open-meteo
2025-06-19T09:00,santiago,28.6,29.0,-33.4489,-70.6693,open-meteo
2025-06-19T10:00,santiago,25.1,25.4,-33.4489,-70.6693,open-meteo
2025-06-19T11:00,santiago,28.9,29.2,-33.4489,-70.6693,open-meteo
2025-06-19T12:00,santiago,43.3,43.3,-33.4489,-70.6693,open-meteo
2025-06-19T13:00,santiago,61.9,61.9,-33.4489,-70.6693,open-meteo
2025-06-19T14:00,santiago,73.6,74.0,-33.4489,-70.6693,open-meteo
2025-06-19T15:00,santiago,68.9,70.5,-33.4489,-70.6693,open-meteo
2025-06-19T16:00,santiago,51.0,52.3,-33.4489,-70.6693,open-meteo
2025-06-19T17:00,santiago,44.7,44.9,-33.4489,-70.6693,open-meteo
2025-06-19T18:00,santiago,44.4,44.6,-33.4489,-70.6693,open-meteo
2025-06-19T19:00,santiago,44.6,44.8,-33.4489,-70.6693,open-meteo
2025-06-19T20:00,santiago,50.9,51.1,-33.4489,-70.6693,open-meteo
2025-06-19T21:00,santiago,66.1,66.4,-33.4489,-70.6693,open-meteo
2025-06-19T22:00,santiago,89.2,89.4,-33.4489,-70.6693,open-meteo
2025-06-19T23:00,santiago,105.2,105.9,-33.4489,-70.6693,open-meteo
2025-06-20T00:00,santiago,113.9,116.6,-33.4489,-70.6693,open-meteo
2025-06-20T01:00,santiago,112.9,117.1,-33.4489,-70.6693,open-meteo
2025-06-20T02:00,santiago,108.5,113.2,-33.4489,-70.6693,open-meteo
2025-06-20T03:00,santiago,103.6,108.0,-33.4489,-70.6693,open-meteo
2025-06-20T04:00,santiago,94.5,98.5,-33.4489,-70.6693,open-meteo
2025-06-20T05:00,santiago,80.1,83.4,-33.4489,-70.6693,open-meteo
2025-06-20T06:00,santiago,66.4,68.9,-33.4489,-70.6693,open-meteo
2025-06-20T07:00,santiago,54.6,56.1,-33.4489,-70.6693,open-meteo
2025-06-20T08:00,santiago,44.7,45.5,-33.4489,-70.6693,open-meteo
2025-06-20T09:00,santiago,36.8,37.4,-33.4489,-70.6693,open-meteo
2025-06-20T10:00,santiago,31.8,32.1,-33.4489,-70.6693,open-meteo
2025-06-20T11:00,santiago,34.1,34.3,-33.4489,-70.6693,open-meteo
2025-06-20T12:00,santiago,48.5,48.7,-33.4489,-70.6693,open-meteo
2025-06-20T13:00,santiago,61.5,61.5,-33.4489,-70.6693,open-meteo
2025-06-20T14:00,santiago,71.5,71.9,-33.4489,-70.6693,open-meteo
2025-06-20T15:00,santiago,76.1,77.5,-33.4489,-70.6693,open-meteo
2025-06-20T16:00,santiago,87.8,90.1,-33.4489,-70.6693,open-meteo
2025-06-20T17:00,santiago,58.7,59.4,-33.4489,-70.6693,open-meteo
2025-06-20T18:00,santiago,50.9,51.0,-33.4489,-70.6693,open-meteo
2025-06-20T19:00,santiago,52.4,52.4,-33.4489,-70.6693,open-meteo
2025-06-20T20:00,santiago,56.9,56.9,-33.4489,-70.6693,open-meteo
2025-06-20T21:00,santiago,70.8,70.8,-33.4489,-70.6693,open-meteo
2025-06-20T22:00,santiago,85.9,85.9,-33.4489,-70.6693,open-meteo
2025-06-20T23:00,santiago,100.8,100.8,-33.4489,-70.6693,open-meteo
2025-06-21T00:00,santiago,89.4,89.4,-33.4489,-70.6693,open-meteo
2025-06-21T01:00,santiago,89.4,91.5,-33.4489,-70.6693,open-meteo
2025-06-21T02:00,santiago,97.8,99.9,-33.4489,-70.6693,open-meteo
2025-06-21T03:00,santiago,102.2,104.3,-33.4489,-70.6693,open-meteo
2025-06-21T04:00,santiago,98.3,100.4,-33.4489,-70.6693,open-meteo
2025-06-21T05:00,santiago,91.0,93.4,-33.4489,-70.6693,open-meteo
2025-06-21T06:00,santiago,79.4,82.0,-33.4489,-70.6693,open-meteo
2025-06-21T07:00,santiago,67.1,69.2,-33.4489,-70.6693,open-meteo
2025-06-21T08:00,santiago,57.0,58.9,-33.4489,-70.6693,open-meteo
2025-06-21T09:00,santiago,50.1,51.5,-33.4489,-70.6693,open-meteo
2025-06-21T10:00,santiago,47.0,48.7,-33.4489,-70.6693,open-meteo
2025-06-21T11:00,santiago,51.3,53.1,-33.4489,-70.6693,open-meteo
2025-06-21T12:00,santiago,66.8,68.7,-33.4489,-70.6693,open-meteo
2025-06-21T13:00,santiago,88.7,90.6,-33.4489,-70.6693,open-meteo
2025-06-21T14:00,santiago,93.1,96.2,-33.4489,-70.6693,open-meteo
2025-06-21T15:00,santiago,70.1,72.4,-33.4489,-70.6693,open-meteo
2025-06-21T16:00,santiago,77.3,78.0,-33.4489,-70.6693,open-meteo
2025-06-21T17:00,santiago,83.8,83.8,-33.4489,-70.6693,open-meteo
2025-06-21T18:00,santiago,76.4,76.4,-33.4489,-70.6693,open-meteo
2025-06-21T19:00,santiago,76.1,76.1,-33.4489,-70.6693,open-meteo
2025-06-21T20:00,santiago,80.6,80.8,-33.4489,-70.6693,open-meteo
2025-06-21T21:00,santiago,87.8,87.8,-33.4489,-70.6693,open-meteo
2025-06-21T22:00,santiago,98.7,98.7,-33.4489,-70.6693,open-meteo
2025-06-21T23:00,santiago,108.7,109.0,-33.4489,-70.6693,open-meteo
2025-06-22T00:00,santiago,116.2,116.2,-33.4489,-70.6693,open-meteo
2025-06-22T01:00,santiago,107.6,107.6,-33.4489,-70.6693,open-meteo
2025-06-22T02:00,santiago,92.4,92.4,-33.4489,-70.6693,open-meteo
2025-06-22T03:00,santiago,85.2,85.2,-33.4489,-70.6693,open-meteo
2025-06-22T04:00,santiago,83.6,83.6,-33.4489,-70.6693,open-meteo
2025-06-22T05:00,santiago,83.8,83.8,-33.4489,-70.6693,open-meteo
2025-06-22T06:00,santiago,88.2,88.2,-33.4489,-70.6693,open-meteo
2025-06-22T07:00,santiago,86.8,86.8,-33.4489,-70.6693,open-meteo
2025-06-22T08:00,santiago,84.3,84.3,-33.4489,-70.6693,open-meteo
2025-06-22T09:00,santiago,79.2,79.2,-33.4489,-70.6693,open-meteo
2025-06-22T10:00,santiago,74.0,74.0,-33.4489,-70.6693,open-meteo
2025-06-22T11:00,santiago,78.5,78.5,-33.4489,-70.6693,open-meteo
2025-06-22T12:00,santiago,80.3,80.6,-33.4489,-70.6693,open-meteo
2025-06-22T13:00,santiago,80.3,81.0,-33.4489,-70.6693,open-meteo
2025-06-22T14:00,santiago,71.2,71.2,-33.4489,-70.6693,open-meteo
2025-06-22T15:00,santiago,71.7,71.7,-33.4489,-70.6693,open-meteo
2025-06-22T16:00,santiago,66.8,66.8,-33.4489,-70.6693,open-meteo
2025-06-22T17:00,santiago,56.9,56.9,-33.4489,-70.6693,open-meteo
2025-06-22T18:00,santiago,50.2,50.2,-33.4489,-70.6693,open-meteo
2025-06-22T19:00,santiago,44.4,44.4,-33.4489,-70.6693,open-meteo
2025-06-22T20:00,santiago,40.9,41.0,-33.4489,-70.6693,open-meteo
2025-06-22T21:00,santiago,43.8,43.9,-33.4489,-70.6693,open-meteo
2025-06-22T22:00,santiago,54.0,54.0,-33.4489,-70.6693,open-meteo
2025-06-22T23:00,santiago,64.0,64.3,-33.4489,-70.6693,open-meteo
2025-06-23T00:00,santiago,82.7,82.7,-33.4489,-70.6693,open-meteo
2025-06-23T01:00,santiago,83.8,84.1,-33.4489,-70.6693,open-meteo
2025-06-23T02:00,santiago,85.7,85.9,-33.4489,-70.6693,open-meteo
2025-06-23T03:00,santiago,88.2,89.2,-33.4489,-70.6693,open-meteo
2025-06-23T04:00,santiago,86.4,87.8,-33.4489,-70.6693,open-meteo
2025-06-23T05:00,santiago,79.4,80.8,-33.4489,-70.6693,open-meteo
2025-06-23T06:00,santiago,72.2,73.3,-33.4489,-70.6693,open-meteo
2025-06-23T07:00,santiago,66.4,67.3,-33.4489,-70.6693,open-meteo
2025-06-23T08:00,santiago,60.5,61.5,-33.4489,-70.6693,open-meteo
2025-06-23T09:00,santiago,53.2,54.1,-33.4489,-70.6693,open-meteo
2025-06-23T10:00,santiago,44.6,45.6,-33.4489,-70.6693,open-meteo
2025-06-23T11:00,santiago,41.4,42.4,-33.4489,-70.6693,open-meteo
2025-06-23T12:00,santiago,31.2,32.0,-33.4489,-70.6693,open-meteo
2025-06-23T13:00,santiago,42.0,42.6,-33.4489,-70.6693,open-meteo
2025-06-23T14:00,santiago,50.4,51.5,-33.4489,-70.6693,open-meteo
2025-06-23T15:00,santiago,45.8,47.4,-33.4489,-70.6693,open-meteo
2025-06-23T16:00,santiago,40.0,41.1,-33.4489,-70.6693,open-meteo
2025-06-23T17:00,santiago,38.8,39.0,-33.4489,-70.6693,open-meteo
2025-06-23T18:00,santiago,38.0,38.1,-33.4489,-70.6693,open-meteo
2025-06-23T19:00,santiago,36.9,37.1,-33.4489,-70.6693,open-meteo
2025-06-23T20:00,santiago,36.6,36.8,-33.4489,-70.6693,open-meteo
2025-06-23T21:00,santiago,47.1,47.3,-33.4489,-70.6693,open-meteo
2025-06-23T22:00,santiago,68.0,68.2,-33.4489,-70.6693,open-meteo
2025-06-23T23:00,santiago,86.6,87.3,-33.4489,-70.6693,open-meteo
2025-06-24T00:00,santiago,99.2,100.8,-33.4489,-70.6693,open-meteo
2025-06-24T01:00,santiago,105.0,107.3,-33.4489,-70.6693,open-meteo
2025-06-24T02:00,santiago,108.3,111.1,-33.4489,-70.6693,open-meteo
2025-06-24T03:00,santiago,105.7,108.3,-33.4489,-70.6693,open-meteo
2025-06-24T04:00,santiago,96.4,98.5,-33.4489,-70.6693,open-meteo
2025-06-24T05:00,santiago,81.5,82.7,-33.4489,-70.6693,open-meteo
2025-06-24T06:00,santiago,65.9,66.8,-33.4489,-70.6693,open-meteo
2025-06-24T07:00,santiago,52.2,52.9,-33.4489,-70.6693,open-meteo
2025-06-24T08:00,santiago,40.9,41.4,-33.4489,-70.6693,open-meteo
2025-06-24T09:00,santiago,32.2,32.7,-33.4489,-70.6693,open-meteo
2025-06-24T10:00,santiago,27.1,27.4,-33.4489,-70.6693,open-meteo
2025-06-24T11:00,santiago,29.6,29.9,-33.4489,-70.6693,open-meteo
2025-06-24T12:00,santiago,39.1,39.1,-33.4489,-70.6693,open-meteo
2025-06-24T13:00,santiago,57.9,57.9,-33.4489,-70.6693,open-meteo
2025-06-24T14:00,santiago,68.5,68.9,-33.4489,-70.6693,open-meteo
2025-06-24T15:00,santiago,73.3,74.7,-33.4489,-70.6693,open-meteo
2025-06-24T16:00,santiago,71.7,73.6,-33.4489,-70.6693,open-meteo
2025-06-24T17:00,santiago,43.2,43.5,-33.4489,-70.6693,open-meteo
2025-06-24T18:00,santiago,39.9,40.0,-33.4489,-70.6693,open-meteo
2025-06-24T19:00,santiago,41.7,41.7,-33.4489,-70.6693,open-meteo
2025-06-24T20:00,santiago,45.9,46.0,-33.4489,-70.6693,open-meteo
2025-06-24T21:00,santiago,59.1,59.3,-33.4489,-70.6693,open-meteo
2025-06-24T22:00,santiago,69.8,70.3,-33.4489,-70.6693,open-meteo
2025-06-24T23:00,santiago,78.0,79.6,-33.4489,-70.6693,open-meteo
2025-06-25T00:00,santiago,79.9,82.0,-33.4489,-70.6693,open-meteo
2025-06-25T01:00,santiago,70.1,71.9,-33.4489,-70.6693,open-meteo
2025-06-25T02:00,santiago,73.8,75.4,-33.4489,-70.6693,open-meteo
2025-06-25T03:00,santiago,76.1,77.5,-33.4489,-70.6693,open-meteo
2025-06-25T04:00,santiago,68.2,69.4,-33.4489,-70.6693,open-meteo
2025-06-25T05:00,santiago,64.3,65.2,-33.4489,-70.6693,open-meteo
2025-06-25T06:00,santiago,63.8,65.0,-33.4489,-70.6693,open-meteo
2025-06-25T07:00,santiago,64.0,65.9,-33.4489,-70.6693,open-meteo
2025-06-25T08:00,santiago,62.9,65.0,-33.4489,-70.6693,open-meteo
2025-06-25T09:00,santiago,61.0,63.1,-33.4489,-70.6693,open-meteo
2025-06-25T10:00,santiago,60.8,63.1,-33.4489,-70.6693,open-meteo
2025-06-25T11:00,santiago,65.9,68.2,-33.4489,-70.6693,open-meteo
2025-06-25T12:00,santiago,66.6,67.8,-33.4489,-70.6693,open-meteo
2025-06-25T13:00,santiago,85.4,86.6,-33.4489,-70.6693,open-meteo
2025-06-25T14:00,santiago,99.9,101.5,-33.4489,-70.6693,open-meteo
2025-06-25T15:00,santiago,94.5,96.9,-33.4489,-70.6693,open-meteo
2025-06-25T16:00,santiago,71.7,71.9,-33.4489,-70.6693,open-meteo
2025-06-25T17:00,santiago,69.8,70.1,-33.4489,-70.6693,open-meteo
2025-06-25T18:00,santiago,71.9,72.2,-33.4489,-70.6693,open-meteo
2025-06-25T19:00,santiago,71.7,71.7,-33.4489,-70.6693,open-meteo
2025-06-25T20:00,santiago,68.2,68.2,-33.4489,-70.6693,open-meteo
2025-06-25T21:00,santiago,66.1,66.1,-33.4489,-70.6693,open-meteo
2025-06-25T22:00,santiago,74.7,74.7,-33.4489,-70.6693,open-meteo
2025-06-25T23:00,santiago,81.3,81.3,-33.4489,-70.6693,open-meteo
2025-06-26T00:00,santiago,68.7,68.9,-33.4489,-70.6693,open-meteo
2025-06-26T01:00,santiago,78.9,79.2,-33.4489,-70.6693,open-meteo
2025-06-26T02:00,santiago,77.5,77.8,-33.4489,-70.6693,open-meteo
2025-06-26T03:00,santiago,69.4,69.4,-33.4489,-70.6693,open-meteo
2025-06-26T04:00,santiago,67.3,67.3,-33.4489,-70.6693,open-meteo
2025-06-26T05:00,santiago,67.1,67.1,-33.4489,-70.6693,open-meteo
2025-06-26T06:00,santiago,65.7,65.7,-33.4489,-70.6693,open-meteo
2025-06-26T07:00,santiago,65.4,65.7,-33.4489,-70.6693,open-meteo
2025-06-26T08:00,santiago,68.2,68.5,-33.4489,-70.6693,open-meteo
2025-06-26T09:00,santiago,69.2,69.8,-33.4489,-70.6693,open-meteo
2025-06-26T10:00,santiago,67.8,68.5,-33.4489,-70.6693,open-meteo
2025-06-26T11:00,santiago,68.9,69.6,-33.4489,-70.6693,open-meteo
2025-06-26T12:00,santiago,80.6,83.1,-33.4489,-70.6693,open-meteo
2025-06-26T13:00,santiago,75.7,78.5,-33.4489,-70.6693,open-meteo
2025-06-26T14:00,santiago,67.1,68.9,-33.4489,-70.6693,open-meteo
2025-06-26T15:00,santiago,68.5,69.4,-33.4489,-70.6693,open-meteo
2025-06-26T16:00,santiago,62.9,63.6,-33.4489,-70.6693,open-meteo
2025-06-26T17:00,santiago,51.9,52.6,-33.4489,-70.6693,open-meteo
2025-06-26T18:00,santiago,46.0,46.4,-33.4489,-70.6693,open-meteo
2025-06-26T19:00,santiago,43.7,44.0,-33.4489,-70.6693,open-meteo
2025-06-26T20:00,santiago,45.1,45.4,-33.4489,-70.6693,open-meteo
2025-06-26T21:00,santiago,59.8,60.1,-33.4489,-70.6693,open-meteo
2025-06-26T22:00,santiago,82.4,82.9,-33.4489,-70.6693,open-meteo
2025-06-26T23:00,santiago,98.7,99.2,-33.4489,-70.6693,open-meteo
2025-06-27T00:00,santiago,111.1,111.5,-33.4489,-70.6693,open-meteo
2025-06-27T01:00,santiago,105.7,106.4,-33.4489,-70.6693,open-meteo
2025-06-27T02:00,santiago,105.5,106.4,-33.4489,-70.6693,open-meteo
2025-06-27T03:00,santiago,102.9,103.8,-33.4489,-70.6693,open-meteo
2025-06-27T04:00,santiago,97.6,98.3,-33.4489,-70.6693,open-meteo
2025-06-27T05:00,santiago,87.8,88.2,-33.4489,-70.6693,open-meteo
2025-06-27T06:00,santiago,76.6,76.8,-33.4489,-70.6693,open-meteo
2025-06-27T07:00,santiago,65.4,65.9,-33.4489,-70.6693,open-meteo
2025-06-27T08:00,santiago,54.9,55.1,-33.4489,-70.6693,open-meteo
2025-06-27T09:00,santiago,46.0,46.2,-33.4489,-70.6693,open-meteo
2025-06-27T10:00,santiago,39.9,40.3,-33.4489,-70.6693,open-meteo
2025-06-27T11:00,santiago,41.1,41.4,-33.4489,-70.6693,open-meteo
2025-06-27T12:00,santiago,49.5,49.6,-33.4489,-70.6693,open-meteo
2025-06-27T13:00,santiago,61.5,61.7,-33.4489,-70.6693,open-meteo
2025-06-27T14:00,santiago,84.1,84.8,-33.4489,-70.6693,open-meteo
2025-06-27T15:00,santiago,67.1,68.9,-33.4489,-70.6693,open-meteo
2025-06-27T16:00,santiago,53.9,55.4,-33.4489,-70.6693,open-meteo
2025-06-27T17:00,santiago,57.0,57.4,-33.4489,-70.6693,open-meteo
2025-06-27T18:00,santiago,59.8,59.8,-33.4489,-70.6693,open-meteo
2025-06-27T19:00,santiago,64.5,64.5,-33.4489,-70.6693,open-meteo
2025-06-27T20:00,santiago,68.9,68.9,-33.4489,-70.6693,open-meteo
2025-06-27T21:00,santiago,73.8,73.8,-33.4489,-70.6693,open-meteo
2025-06-27T22:00,santiago,75.7,75.9,-33.4489,-70.6693,open-meteo
2025-06-27T23:00,santiago,82.7,82.9,-33.4489,-70.6693,open-meteo
2025-06-28T00:00,santiago,76.8,77.8,-33.4489,-70.6693,open-meteo
2025-06-28T01:00,santiago,79.9,81.0,-33.4489,-70.6693,open-meteo
2025-06-28T02:00,santiago,87.8,88.7,-33.4489,-70.6693,open-meteo
2025-06-28T03:00,santiago,85.0,85.9,-33.4489,-70.6693,open-meteo
2025-06-28T04:00,santiago,85.0,85.9,-33.4489,-70.6693,open-meteo
2025-06-28T05:00,santiago,85.9,87.1,-33.4489,-70.6693,open-meteo
2025-06-28T06:00,santiago,88.0,88.9,-33.4489,-70.6693,open-meteo
2025-06-28T07:00,santiago,86.4,87.5,-33.4489,-70.6693,open-meteo
2025-06-28T08:00,santiago,84.8,85.7,-33.4489,-70.6693,open-meteo
2025-06-28T09:00,santiago,80.3,81.0,-33.4489,-70.6693,open-meteo
2025-06-28T10:00,santiago,76.8,77.8,-33.4489,-70.6693,open-meteo
2025-06-28T11:00,santiago,78.0,78.9,-33.4489,-70.6693,open-meteo
2025-06-28T12:00,santiago,42.6,44.4,-33.4489,-70.6693,open-meteo
2025-06-28T13:00,santiago,48.1,50.3,-33.4489,-70.6693,open-meteo
2025-06-28T14:00,santiago,56.1,58.3,-33.4489,-70.6693,open-meteo
2025-06-28T15:00,santiago,65.7,67.5,-33.4489,-70.6693,open-meteo
2025-06-28T16:00,santiago,71.0,71.5,-33.4489,-70.6693,open-meteo
2025-06-28T17:00,santiago,71.7,71.9,-33.4489,-70.6693,open-meteo
2025-06-28T18:00,santiago,66.4,66.6,-33.4489,-70.6693,open-meteo
2025-06-28T19:00,santiago,60.1,60.3,-33.4489,-70.6693,open-meteo
2025-06-28T20:00,santiago,58.6,58.7,-33.4489,-70.6693,open-meteo
2025-06-28T21:00,santiago,68.7,68.7,-33.4489,-70.6693,open-meteo
2025-06-28T22:00,santiago,76.8,76.8,-33.4489,-70.6693,open-meteo
2025-06-28T23:00,santiago,80.8,81.0,-33.4489,-70.6693,open-meteo
2025-06-29T00:00,santiago,88.5,88.7,-33.4489,-70.6693,open-meteo
2025-06-29T01:00,santiago,67.5,67.8,-33.4489,-70.6693,open-meteo
2025-06-29T02:00,santiago,69.2,69.4,-33.4489,-70.6693,open-meteo
2025-06-29T03:00,santiago,73.1,73.3,-33.4489,-70.6693,open-meteo
2025-06-29T04:00,santiago,79.4,79.6,-33.4489,-70.6693,open-meteo
2025-06-29T05:00,santiago,79.9,79.9,-33.4489,-70.6693,open-meteo
2025-06-29T06:00,santiago,71.2,71.5,-33.4489,-70.6693,open-meteo
2025-06-29T07:00,santiago,62.6,62.6,-33.4489,-70.6693,open-meteo
2025-06-29T08:00,santiago,52.6,52.9,-33.4489,-70.6693,open-meteo
2025-06-29T09:00,santiago,43.7,43.9,-33.4489,-70.6693,open-meteo
2025-06-29T10:00,santiago,39.0,39.2,-33.4489,-70.6693,open-meteo
2025-06-29T11:00,santiago,42.3,42.8,-33.4489,-70.6693,open-meteo
2025-06-29T12:00,santiago,39.2,39.7,-33.4489,-70.6693,open-meteo
2025-06-29T13:00,santiago,53.1,53.3,-33.4489,-70.6693,open-meteo
2025-06-29T14:00,santiago,56.9,57.7,-33.4489,-70.6693,open-meteo
2025-06-29T15:00,santiago,49.2,50.5,-33.4489,-70.6693,open-meteo
2025-06-29T16:00,santiago,40.9,41.3,-33.4489,-70.6693,open-meteo
2025-06-29T17:00,santiago,43.0,43.0,-33.4489,-70.6693,open-meteo
2025-06-29T18:00,santiago,44.5,44.5,-33.4489,-70.6693,open-meteo
2025-06-29T19:00,santiago,42.5,42.5,-33.4489,-70.6693,open-meteo
2025-06-29T20:00,santiago,41.0,41.0,-33.4489,-70.6693,open-meteo
2025-06-29T21:00,santiago,46.9,46.9,-33.4489,-70.6693,open-meteo
2025-06-29T22:00,santiago,67.5,67.5,-33.4489,-70.6693,open-meteo
2025-06-29T23:00,santiago,88.7,88.7,-33.4489,-70.6693,open-meteo
2025-06-30T00:00,santiago,117.1,117.1,-33.4489,-70.6693,open-meteo
2025-06-30T01:00,santiago,122.5,122.5,-33.4489,-70.6693,open-meteo
2025-06-30T02:00,santiago,127.6,127.6,-33.4489,-70.6693,open-meteo
2025-06-30T03:00,santiago,132.2,132.2,-33.4489,-70.6693,open-meteo
2025-06-30T04:00,santiago,125.7,127.1,-33.4489,-70.6693,open-meteo
2025-06-30T05:00,santiago,110.8,112.5,-33.4489,-70.6693,open-meteo
2025-06-30T06:00,santiago,93.4,95.2,-33.4489,-70.6693,open-meteo
2025-06-30T07:00,santiago,77.3,79.2,-33.4489,-70.6693,open-meteo
2025-06-30T08:00,santiago,62.9,64.5,-33.4489,-70.6693,open-meteo
2025-06-30T09:00,santiago,51.1,52.0,-33.4489,-70.6693,open-meteo
2025-06-30T10:00,santiago,43.1,43.7,-33.4489,-70.6693,open-meteo
2025-06-30T11:00,santiago,43.2,43.5,-33.4489,-70.6693,open-meteo
2025-06-30T12:00,santiago,56.7,57.0,-33.4489,-70.6693,open-meteo
2025-06-30T13:00,santiago,71.7,72.2,-33.4489,-70.6693,open-meteo
2025-06-30T14:00,santiago,85.7,86.4,-33.4489,-70.6693,open-meteo
2025-06-30T15:00,santiago,96.4,98.0,-33.4489,-70.6693,open-meteo
2025-06-30T16:00,santiago,85.7,88.0,-33.4489,-70.6693,open-meteo
2025-06-30T17:00,santiago,70.3,71.5,-33.4489,-70.6693,open-meteo
2025-06-30T18:00,santiago,64.5,64.7,-33.4489,-70.6693,open-meteo
2025-06-30T19:00,santiago,69.4,69.4,-33.4489,-70.6693,open-meteo
2025-06-30T20:00,santiago,83.6,83.6,-33.4489,-70.6693,open-meteo
2025-06-30T21:00,santiago,102.2,102.4,-33.4489,-70.6693,open-meteo
2025-06-30T22:00,santiago,112.0,112.7,-33.4489,-70.6693,open-meteo
2025-06-30T23:00,santiago,118.5,120.6,-33.4489,-70.6693,open-meteo
2025-06-01T00:00,maipu,110.4,110.8,-33.5106,-70.7578,open-meteo
2025-06-01T01:00,maipu,108.0,111.1,-33.5106,-70.7578,open-meteo
2025-06-01T02:00,maipu,100.6,102.9,-33.5106,-70.7578,open-meteo
2025-06-01T03:00,maipu,93.8,95.7,-33.5106,-70.7578,open-meteo
2025-06-01T04:00,maipu,85.2,86.8,-33.5106,-70.7578,open-meteo
2025-06-01T05:00,maipu,72.4,73.8,-33.5106,-70.7578,open-meteo
2025-06-01T06:00,maipu,59.5,60.5,-33.5106,-70.7578,open-meteo
2025-06-01T07:00,maipu,47.7,48.3,-33.5106,-70.7578,open-meteo
2025-06-01T08:00,maipu,37.6,38.0,-33.5106,-70.7578,open-meteo
2025-06-01T09:00,maipu,29.6,29.7,-33.5106,-70.7578,open-meteo
2025-06-01T10:00,maipu,24.6,24.6,-33.5106,-70.7578,open-meteo
2025-06-01T11:00,maipu,26.7,26.7,-33.5106,-70.7578,open-meteo
2025-06-01T12:00,maipu,34.5,34.5,-33.5106,-70.7578,open-meteo
2025-06-01T13:00,maipu,56.5,56.5,-33.5106,-70.7578,open-meteo
2025-06-01T14:00,maipu,73.3,73.6,-33.5106,-70.7578,open-meteo
2025-06-01T15:00,maipu,88.5,89.9,-33.5106,-70.7578,open-meteo
2025-06-01T16:00,maipu,96.4,98.5,-33.5106,-70.7578,open-meteo
2025-06-01T17:00,maipu,64.3,64.5,-33.5106,-70.7578,open-meteo
2025-06-01T18:00,maipu,59.4,59.4,-33.5106,-70.7578,open-meteo
2025-06-01T19:00,maipu,69.8,69.8,-33.5106,-70.7578,open-meteo
2025-06-01T20:00,maipu,81.3,81.3,-33.5106,-70.7578,open-meteo
2025-06-01T21:00,maipu,96.9,97.1,-33.5106,-70.7578,open-meteo
2025-06-01T22:00,maipu,114.6,114.8,-33.5106,-70.7578,open-meteo
2025-06-01T23:00,maipu,127.1,127.1,-33.5106,-70.7578,open-meteo
2025-06-02T00:00,maipu,141.1,141.6,-33.5106,-70.7578,open-meteo
2025-06-02T01:00,maipu,151.3,151.8,-33.5106,-70.7578,open-meteo
2025-06-02T02:00,maipu,158.8,159.7,-33.5106,-70.7578,open-meteo
2025-06-02T03:00,maipu,163.0,164.8,-33.5106,-70.7578,open-meteo
2025-06-02T04:00,maipu,149.9,151.8,-33.5106,-70.7578,open-meteo
2025-06-02T05:00,maipu,131.8,134.1,-33.5106,-70.7578,open-meteo
2025-06-02T06:00,maipu,110.8,113.4,-33.5106,-70.7578,open-meteo
2025-06-02T07:00,maipu,92.2,94.5,-33.5106,-70.7578,open-meteo
2025-06-02T08:00,maipu,76.6,78.5,-33.5106,-70.7578,open-meteo
2025-06-02T09:00,maipu,63.8,65.2,-33.5106,-70.7578,open-meteo
2025-06-02T10:00,maipu,54.1,55.2,-33.5106,-70.7578,open-meteo
2025-06-02T11:00,maipu,52.3,53.0,-33.5106,-70.7578,open-meteo
2025-06-02T12:00,maipu,47.4,47.4,-33.5106,-70.7578,open-meteo
2025-06-02T13:00,maipu,66.8,66.8,-33.5106,-70.7578,open-meteo
2025-06-02T14:00,maipu,76.8,77.1,-33.5106,-70.7578,open-meteo
2025-06-02T15:00,maipu,80.3,81.0,-33.5106,-70.7578,open-meteo
2025-06-02T16:00,maipu,95.7,97.8,-33.5106,-70.7578,open-meteo
2025-06-02T17:00,maipu,122.5,125.7,-33.5106,-70.7578,open-meteo
2025-06-02T18:00,maipu,151.8,155.1,-33.5106,-70.7578,open-meteo
2025-06-02T19:00,maipu,192.8,195.1,-33.5106,-70.7578,open-meteo
2025-06-02T20:00,maipu,217.0,218.4,-33.5106,-70.7578,open-meteo
2025-06-02T21:00,maipu,202.6,204.0,-33.5106,-70.7578,open-meteo
2025-06-02T22:00,maipu,174.6,176.5,-33.5106,-70.7578,open-meteo
2025-06-02T23:00,maipu,157.9,160.2,-33.5106,-70.7578,open-meteo
2025-06-03T00:00,maipu,172.3,175.6,-33.5106,-70.7578,open-meteo
2025-06-03T01:00,maipu,169.5,173.7,-33.5106,-70.7578,open-meteo
2025-06-03T02:00,maipu,160.2,164.8,-33.5106,-70.7578,open-meteo
2025-06-03T03:00,maipu,150.4,155.1,-33.5106,-70.7578,open-meteo
2025-06-03T04:00,maipu,142.5,147.1,-33.5106,-70.7578,open-meteo
2025-06-03T05:00,maipu,135.5,139.2,-33.5106,-70.7578,open-meteo
2025-06-03T06:00,maipu,124.3,128.1,-33.5106,-70.7578,open-meteo
2025-06-03T07:00,maipu,108.7,112.2,-33.5106,-70.7578,open-meteo
2025-06-03T08:00,maipu,94.1,97.1,-33.5106,-70.7578,open-meteo
2025-06-03T09:00,maipu,81.7,84.8,-33.5106,-70.7578,open-meteo
2025-06-03T10:00,maipu,73.6,76.4,-33.5106,-70.7578,open-meteo
2025-06-03T11:00,maipu,72.9,75.4,-33.5106,-70.7578,open-meteo
2025-06-03T12:00,maipu,84.5,86.8,-33.5106,-70.7578,open-meteo
2025-06-03T13:00,maipu,109.4,111.5,-33.5106,-70.7578,open-meteo
2025-06-03T14:00,maipu,105.5,108.5,-33.5106,-70.7578,open-meteo
2025-06-03T15:00,maipu,117.3,121.1,-33.5106,-70.7578,open-meteo
2025-06-03T16:00,maipu,116.4,120.1,-33.5106,-70.7578,open-meteo
2025-06-03T17:00,maipu,135.0,137.8,-33.5106,-70.7578,open-meteo
2025-06-03T18:00,maipu,138.3,139.7,-33.5106,-70.7578,open-meteo
2025-06-03T19:00,maipu,145.3,145.8,-33.5106,-70.7578,open-meteo
2025-06-03T20:00,maipu,154.1,154.6,-33.5106,-70.7578,open-meteo
2025-06-03T21:00,maipu,158.8,159.3,-33.5106,-70.7578,open-meteo
2025-06-03T22:00,maipu,170.0,170.9,-33.5106,-70.7578,open-meteo
2025-06-03T23:00,maipu,182.5,184.4,-33.5106,-70.7578,open-meteo
2025-06-04T00:00,maipu,165.8,168.1,-33.5106,-70.7578,open-meteo
2025-06-04T01:00,maipu,161.6,163.9,-33.5106,-70.7578,open-meteo
2025-06-04T02:00,maipu,152.7,154.6,-33.5106,-70.7578,open-meteo
2025-06-04T03:00,maipu,150.9,153.7,-33.5106,-70.7578,open-meteo
2025-06-04T04:00,maipu,147.6,150.9,-33.5106,-70.7578,open-meteo
2025-06-04T05:00,maipu,137.4,139.7,-33.5106,-70.7578,open-meteo
2025-06-04T06:00,maipu,128.1,130.9,-33.5106,-70.7578,open-meteo
2025-06-04T07:00,maipu,123.9,126.2,-33.5106,-70.7578,open-meteo
2025-06-04T08:00,maipu,121.5,123.4,-33.5106,-70.7578,open-meteo
2025-06-04T09:00,maipu,118.5,120.6,-33.5106,-70.7578,open-meteo
2025-06-04T10:00,maipu,115.0,117.3,-33.5106,-70.7578,open-meteo
2025-06-04T11:00,maipu,116.9,119.7,-33.5106,-70.7578,open-meteo
2025-06-04T12:00,maipu,105.9,109.4,-33.5106,-70.7578,open-meteo
2025-06-04T13:00,maipu,114.3,118.0,-33.5106,-70.7578,open-meteo
2025-06-04T14:00,maipu,136.4,140.6,-33.5106,-70.7578,open-meteo
2025-06-04T15:00,maipu,131.3,134.6,-33.5106,-70.7578,open-meteo
2025-06-04T16:00,maipu,111.5,111.8,-33.5106,-70.7578,open-meteo
2025-06-04T17:00,maipu,97.8,98.0,-33.5106,-70.7578,open-meteo
2025-06-04T18:00,maipu,85.2,85.4,-33.5106,-70.7578,open-meteo
2025-06-04T19:00,maipu,78.0,78.5,-33.5106,-70.7578,open-meteo
2025-06-04T20:00,maipu,75.2,75.4,-33.5106,-70.7578,open-meteo
2025-06-04T21:00,maipu,86.1,86.1,-33.5106,-70.7578,open-meteo
2025-06-04T22:00,maipu,104.8,105.0,-33.5106,-70.7578,open-meteo
2025-06-04T23:00,maipu,120.1,120.1,-33.5106,-70.7578,open-meteo
2025-06-05T00:00,maipu,128.5,129.0,-33.5106,-70.7578,open-meteo
2025-06-05T01:00,maipu,114.1,114.8,-33.5106,-70.7578,open-meteo
2025-06-05T02:00,maipu,113.9,115.5,-33.5106,-70.7578,open-meteo
2025-06-05T03:00,maipu,112.9,115.7,-33.5106,-70.7578,open-meteo
2025-06-05T04:00,maipu,110.1,113.6,-33.5106,-70.7578,open-meteo
2025-06-05T05:00,maipu,109.2,112.7,-33.5106,-70.7578,open-meteo
2025-06-05T06:00,maipu,109.7,113.2,-33.5106,-70.7578,open-meteo
2025-06-05T07:00,maipu,100.1,103.4,-33.5106,-70.7578,open-meteo
2025-06-05T08:00,maipu,88.9,91.7,-33.5106,-70.7578,open-meteo
2025-06-05T09:00,maipu,76.6,79.2,-33.5106,-70.7578,open-meteo
2025-06-05T10:00,maipu,65.7,68.0,-33.5106,-70.7578,open-meteo
2025-06-05T11:00,maipu,61.9,63.8,-33.5106,-70.7578,open-meteo
2025-06-05T12:00,maipu,55.1,55.4,-33.5106,-70.7578,open-meteo
2025-06-05T13:00,maipu,72.6,72.9,-33.5106,-70.7578,open-meteo
2025-06-05T14:00,maipu,87.3,88.0,-33.5106,-70.7578,open-meteo
2025-06-05T15:00,maipu,102.0,103.6,-33.5106,-70.7578,open-meteo
2025-06-05T16:00,maipu,62.4,63.3,-33.5106,-70.7578,open-meteo
2025-06-05T17:00,maipu,58.1,58.6,-33.5106,-70.7578,open-meteo
2025-06-05T18:00,maipu,63.3,63.8,-33.5106,-70.7578,open-meteo
2025-06-05T19:00,maipu,65.7,65.9,-33.5106,-70.7578,open-meteo
2025-06-05T20:00,maipu,71.9,72.2,-33.5106,-70.7578,open-meteo
2025-06-05T21:00,maipu,95.7,95.9,-33.5106,-70.7578,open-meteo
2025-06-05T22:00,maipu,119.2,119.2,-33.5106,-70.7578,open-meteo
2025-06-05T23:00,maipu,137.8,137.8,-33.5106,-70.7578,open-meteo
2025-06-06T00:00,maipu,138.8,139.2,-33.5106,-70.7578,open-meteo
2025-06-06T01:00,maipu,141.6,142.0,-33.5106,-70.7578,open-meteo
2025-06-06T02:00,maipu,142.5,143.9,-33.5106,-70.7578,open-meteo
2025-06-06T03:00,maipu,146.2,148.5,-33.5106,-70.7578,open-meteo
2025-06-06T04:00,maipu,150.9,154.1,-33.5106,-70.7578,open-meteo
2025-06-06T05:00,maipu,142.5,145.8,-33.5106,-70.7578,open-meteo
2025-06-06T06:00,maipu,123.9,126.7,-33.5106,-70.7578,open-meteo
2025-06-06T07:00,maipu,108.5,111.3,-33.5106,-70.7578,open-meteo
2025-06-06T08:00,maipu,93.8,96.4,-33.5106,-70.7578,open-meteo
2025-06-06T09:00,maipu,82.2,84.5,-33.5106,-70.7578,open-meteo
2025-06-06T10:00,maipu,72.9,75.2,-33.5106,-70.7578,open-meteo
2025-06-06T11:00,maipu,71.7,74.3,-33.5106,-70.7578,open-meteo
2025-06-06T12:00,maipu,56.6,56.7,-33.5106,-70.7578,open-meteo
2025-06-06T13:00,maipu,74.7,74.7,-33.5106,-70.7578,open-meteo
2025-06-06T14:00,maipu,92.2,92.9,-33.5106,-70.7578,open-meteo
2025-06-06T15:00,maipu,88.5,91.0,-33.5106,-70.7578,open-meteo
2025-06-06T16:00,maipu,59.6,60.5,-33.5106,-70.7578,open-meteo
2025-06-06T17:00,maipu,61.7,61.7,-33.5106,-70.7578,open-meteo
2025-06-06T18:00,maipu,58.3,58.4,-33.5106,-70.7578,open-meteo
2025-06-06T19:00,maipu,53.8,53.8,-33.5106,-70.7578,open-meteo
2025-06-06T20:00,maipu,56.2,56.2,-33.5106,-70.7578,open-meteo
2025-06-06T21:00,maipu,67.3,67.5,-33.5106,-70.7578,open-meteo
2025-06-06T22:00,maipu,82.4,82.7,-33.5106,-70.7578,open-meteo
2025-06-06T23:00,maipu,94.3,94.5,-33.5106,-70.7578,open-meteo
2025-06-07T00:00,maipu,100.8,101.5,-33.5106,-70.7578,open-meteo
2025-06-07T01:00,maipu,109.9,110.6,-33.5106,-70.7578,open-meteo
2025-06-07T02:00,maipu,118.7,119.7,-33.5106,-70.7578,open-meteo
2025-06-07T03:00,maipu,110.1,110.8,-33.5106,-70.7578,open-meteo
2025-06-07T04:00,maipu,105.7,106.4,-33.5106,-70.7578,open-meteo
2025-06-07T05:00,maipu,105.2,106.2,-33.5106,-70.7578,open-meteo
2025-06-07T06:00,maipu,106.9,107.6,-33.5106,-70.7578,open-meteo
2025-06-07T07:00,maipu,107.3,108.3,-33.5106,-70.7578,open-meteo
2025-06-07T08:00,maipu,105.0,105.7,-33.5106,-70.7578,open-meteo
2025-06-07T09:00,maipu,95.9,96.6,-33.5106,-70.7578,open-meteo
2025-06-07T10:00,maipu,85.7,86.8,-33.5106,-70.7578,open-meteo
2025-06-07T11:00,maipu,81.7,83.4,-33.5106,-70.7578,open-meteo
2025-06-07T12:00,maipu,71.7,71.9,-33.5106,-70.7578,open-meteo
2025-06-07T13:00,maipu,78.0,78.5,-33.5106,-70.7578,open-meteo
2025-06-07T14:00,maipu,91.5,92.0,-33.5106,-70.7578,open-meteo
2025-06-07T15:00,maipu,97.6,98.0,-33.5106,-70.7578,open-meteo
2025-06-07T16:00,maipu,100.4,100.8,-33.5106,-70.7578,open-meteo
2025-06-07T17:00,maipu,94.1,94.3,-33.5106,-70.7578,open-meteo
2025-06-07T18:00,maipu,84.5,84.8,-33.5106,-70.7578,open-meteo
2025-06-07T19:00,maipu,75.9,76.4,-33.5106,-70.7578,open-meteo
2025-06-07T20:00,maipu,74.3,74.5,-33.5106,-70.7578,open-meteo
2025-06-07T21:00,maipu,89.2,89.4,-33.5106,-70.7578,open-meteo
2025-06-07T22:00,maipu,107.6,108.0,-33.5106,-70.7578,open-meteo
2025-06-07T23:00,maipu,122.0,122.0,-33.5106,-70.7578,open-meteo
2025-06-08T00:00,maipu,128.1,128.5,-33.5106,-70.7578,open-meteo
2025-06-08T01:00,maipu,133.6,134.1,-33.5106,-70.7578,open-meteo
2025-06-08T02:00,maipu,140.6,141.1,-33.5106,-70.7578,open-meteo
2025-06-08T03:00,maipu,150.9,151.3,-33.5106,-70.7578,open-meteo
2025-06-08T04:00,maipu,142.0,143.0,-33.5106,-70.7578,open-meteo
2025-06-08T05:00,maipu,122.9,123.9,-33.5106,-70.7578,open-meteo
2025-06-08T06:00,maipu,112.9,113.6,-33.5106,-70.7578,open-meteo
2025-06-08T07:00,maipu,107.6,108.3,-33.5106,-70.7578,open-meteo
2025-06-08T08:00,maipu,103.6,104.5,-33.5106,-70.7578,open-meteo
2025-06-08T09:00,maipu,101.0,102.0,-33.5106,-70.7578,open-meteo
2025-06-08T10:00,maipu,102.0,102.9,-33.5106,-70.7578,open-meteo
2025-06-08T11:00,maipu,102.2,102.9,-33.5106,-70.7578,open-meteo
2025-06-08T12:00,maipu,67.3,67.3,-33.5106,-70.7578,open-meteo
2025-06-08T13:00,maipu,83.4,83.6,-33.5106,-70.7578,open-meteo
2025-06-08T14:00,maipu,98.7,99.4,-33.5106,-70.7578,open-meteo
2025-06-08T15:00,maipu,110.8,112.7,-33.5106,-70.7578,open-meteo
2025-06-08T16:00,maipu,82.0,84.5,-33.5106,-70.7578,open-meteo
2025-06-08T17:00,maipu,84.5,85.7,-33.5106,-70.7578,open-meteo
2025-06-08T18:00,maipu,71.5,71.9,-33.5106,-70.7578,open-meteo
2025-06-08T19:00,maipu,70.3,70.5,-33.5106,-70.7578,open-meteo
2025-06-08T20:00,maipu,78.9,79.2,-33.5106,-70.7578,open-meteo
2025-06-08T21:00,maipu,98.3,98.5,-33.5106,-70.7578,open-meteo
2025-06-08T22:00,maipu,120.6,120.6,-33.5106,-70.7578,open-meteo
2025-06-08T23:00,maipu,135.5,136.4,-33.5106,-70.7578,open-meteo
2025-06-09T00:00,maipu,124.3,125.7,-33.5106,-70.7578,open-meteo
2025-06-09T01:00,maipu,128.5,132.2,-33.5106,-70.7578,open-meteo
2025-06-09T02:00,maipu,128.1,131.3,-33.5106,-70.7578,open-meteo
2025-06-09T03:00,maipu,131.8,134.6,-33.5106,-70.7578,open-meteo
2025-06-09T04:00,maipu,128.5,130.9,-33.5106,-70.7578,open-meteo
2025-06-09T05:00,maipu,115.0,117.1,-33.5106,-70.7578,open-meteo
2025-06-09T06:00,maipu,99.7,101.7,-33.5106,-70.7578,open-meteo
2025-06-09T07:00,maipu,86.1,87.8,-33.5106,-70.7578,open-meteo
2025-06-09T08:00,maipu,72.9,74.3,-33.5106,-70.7578,open-meteo
2025-06-09T09:00,maipu,60.1,61.2,-33.5106,-70.7578,open-meteo
2025-06-09T10:00,maipu,49.9,50.8,-33.5106,-70.7578,open-meteo
2025-06-09T11:00,maipu,47.4,47.8,-33.5106,-70.7578,open-meteo
2025-06-09T12:00,maipu,49.1,49.1,-33.5106,-70.7578,open-meteo
2025-06-09T13:00,maipu,67.3,67.3,-33.5106,-70.7578,open-meteo
2025-06-09T14:00,maipu,80.8,81.0,-33.5106,-70.7578,open-meteo
2025-06-09T15:00,maipu,91.7,92.7,-33.5106,-70.7578,open-meteo
2025-06-09T16:00,maipu,110.8,113.6,-33.5106,-70.7578,open-meteo
2025-06-09T17:00,maipu,66.4,67.3,-33.5106,-70.7578,open-meteo
2025-06-09T18:00,maipu,65.4,65.7,-33.5106,-70.7578,open-meteo
2025-06-09T19:00,maipu,75.0,75.0,-33.5106,-70.7578,open-meteo
2025-06-09T20:00,maipu,95.5,95.5,-33.5106,-70.7578,open-meteo
2025-06-09T21:00,maipu,119.2,119.7,-33.5106,-70.7578,open-meteo
2025-06-09T22:00,maipu,134.6,135.5,-33.5106,-70.7578,open-meteo
2025-06-09T23:00,maipu,138.3,141.1,-33.5106,-70.7578,open-meteo
2025-06-10T00:00,maipu,122.0,125.7,-33.5106,-70.7578,open-meteo
2025-06-10T01:00,maipu,118.5,121.1,-33.5106,-70.7578,open-meteo
2025-06-10T02:00,maipu,114.3,116.2,-33.5106,-70.7578,open-meteo
2025-06-10T03:00,maipu,109.0,110.6,-33.5106,-70.7578,open-meteo
2025-06-10T04:00,maipu,99.9,101.0,-33.5106,-70.7578,open-meteo
2025-06-10T05:00,maipu,86.4,87.1,-33.5106,-70.7578,open-meteo
2025-06-10T06:00,maipu,72.4,72.6,-33.5106,-70.7578,open-meteo
2025-06-10T07:00,maipu,58.7,58.8,-33.5106,-70.7578,open-meteo
2025-06-10T08:00,maipu,46.4,46.7,-33.5106,-70.7578,open-meteo
2025-06-10T09:00,maipu,36.6,36.7,-33.5106,-70.7578,open-meteo
2025-06-10T10:00,maipu,29.9,29.9,-33.5106,-70.7578,open-meteo
2025-06-10T11:00,maipu,31.0,31.1,-33.5106,-70.7578,open-meteo
2025-06-10T12:00,maipu,41.9,41.9,-33.5106,-70.7578,open-meteo
2025-06-10T13:00,maipu,61.0,61.0,-33.5106,-70.7578,open-meteo
2025-06-10T14:00,maipu,72.9,73.1,-33.5106,-70.7578,open-meteo
2025-06-10T15:00,maipu,83.1,84.3,-33.5106,-70.7578,open-meteo
2025-06-10T16:00,maipu,83.6,85.7,-33.5106,-70.7578,open-meteo
2025-06-10T17:00,maipu,57.6,58.4,-33.5106,-70.7578,open-meteo
2025-06-10T18:00,maipu,46.3,46.4,-33.5106,-70.7578,open-meteo
2025-06-10T19:00,maipu,56.3,56.3,-33.5106,-70.7578,open-meteo
2025-06-10T20:00,maipu,80.3,80.3,-33.5106,-70.7578,open-meteo
2025-06-10T21:00,maipu,104.8,104.8,-33.5106,-70.7578,open-meteo
2025-06-10T22:00,maipu,129.5,129.5,-33.5106,-70.7578,open-meteo
2025-06-10T23:00,maipu,146.2,146.2,-33.5106,-70.7578,open-meteo
2025-06-11T00:00,maipu,146.2,146.2,-33.5106,-70.7578,open-meteo
2025-06-11T01:00,maipu,142.5,145.8,-33.5106,-70.7578,open-meteo
2025-06-11T02:00,maipu,142.5,147.1,-33.5106,-70.7578,open-meteo
2025-06-11T03:00,maipu,145.3,149.5,-33.5106,-70.7578,open-meteo
2025-06-11T04:00,maipu,130.4,134.1,-33.5106,-70.7578,open-meteo
2025-06-11T05:00,maipu,109.7,112.5,-33.5106,-70.7578,open-meteo
2025-06-11T06:00,maipu,93.4,95.7,-33.5106,-70.7578,open-meteo
2025-06-11T07:00,maipu,79.6,81.5,-33.5106,-70.7578,open-meteo
2025-06-11T08:00,maipu,63.1,65.0,-33.5106,-70.7578,open-meteo
2025-06-11T09:00,maipu,57.9,60.1,-33.5106,-70.7578,open-meteo
2025-06-11T10:00,maipu,55.2,57.7,-33.5106,-70.7578,open-meteo
2025-06-11T11:00,maipu,60.3,62.9,-33.5106,-70.7578,open-meteo
2025-06-11T12:00,maipu,72.9,75.0,-33.5106,-70.7578,open-meteo
2025-06-11T13:00,maipu,79.9,82.2,-33.5106,-70.7578,open-meteo
2025-06-11T14:00,maipu,94.1,97.1,-33.5106,-70.7578,open-meteo
2025-06-11T15:00,maipu,72.6,74.0,-33.5106,-70.7578,open-meteo
2025-06-11T16:00,maipu,82.9,83.6,-33.5106,-70.7578,open-meteo
2025-06-11T17:00,maipu,91.3,92.0,-33.5106,-70.7578,open-meteo
2025-06-11T18:00,maipu,97.1,97.8,-33.5106,-70.7578,open-meteo
2025-06-11T19:00,maipu,95.5,96.2,-33.5106,-70.7578,open-meteo
2025-06-11T20:00,maipu,91.5,92.0,-33.5106,-70.7578,open-meteo
2025-06-11T21:00,maipu,88.5,88.7,-33.5106,-70.7578,open-meteo
2025-06-11T22:00,maipu,86.4,86.8,-33.5106,-70.7578,open-meteo
2025-06-11T23:00,maipu,85.0,85.4,-33.5106,-70.7578,open-meteo
2025-06-12T00:00,maipu,105.5,106.2,-33.5106,-70.7578,open-meteo
2025-06-12T01:00,maipu,110.8,111.5,-33.5106,-70.7578,open-meteo
2025-06-12T02:00,maipu,111.8,112.5,-33.5106,-70.7578,open-meteo
2025-06-12T03:00,maipu,117.6,118.3,-33.5106,-70.7578,open-meteo
2025-06-12T04:00,maipu,118.0,118.5,-33.5106,-70.7578,open-meteo
2025-06-12T05:00,maipu,101.7,102.2,-33.5106,-70.7578,open-meteo
2025-06-12T06:00,maipu,85.7,86.4,-33.5106,-70.7578,open-meteo
2025-06-12T07:00,maipu,77.5,78.2,-33.5106,-70.7578,open-meteo
2025-06-12T08:00,maipu,71.5,72.2,-33.5106,-70.7578,open-meteo
2025-06-12T09:00,maipu,58.9,59.8,-33.5106,-70.7578,open-meteo
2025-06-12T10:00,maipu,50.6,51.2,-33.5106,-70.7578,open-meteo
2025-06-12T11:00,maipu,47.0,47.4,-33.5106,-70.7578,open-meteo
2025-06-12T12:00,maipu,16.3,16.4,-33.5106,-70.7578,open-meteo
2025-06-12T13:00,maipu,19.7,19.8,-33.5106,-70.7578,open-meteo
2025-06-12T14:00,maipu,31.1,31.2,-33.5106,-70.7578,open-meteo
2025-06-12T15:00,maipu,37.3,37.6,-33.5106,-70.7578,open-meteo
2025-06-12T16:00,maipu,36.6,37.3,-33.5106,-70.7578,open-meteo
2025-06-12T17:00,maipu,34.5,35.3,-33.5106,-70.7578,open-meteo
2025-06-12T18:00,maipu,31.7,32.4,-33.5106,-70.7578,open-meteo
2025-06-12T19:00,maipu,26.2,26.8,-33.5106,-70.7578,open-meteo
2025-06-12T20:00,maipu,21.6,22.2,-33.5106,-70.7578,open-meteo
2025-06-12T21:00,maipu,31.9,32.6,-33.5106,-70.7578,open-meteo
2025-06-12T22:00,maipu,49.4,50.2,-33.5106,-70.7578,open-meteo
2025-06-12T23:00,maipu,68.7,69.4,-33.5106,-70.7578,open-meteo
2025-06-13T00:00,maipu,43.5,44.6,-33.5106,-70.7578,open-meteo
2025-06-13T01:00,maipu,51.3,52.4,-33.5106,-70.7578,open-meteo
2025-06-13T02:00,maipu,71.5,72.6,-33.5106,-70.7578,open-meteo
2025-06-13T03:00,maipu,81.7,82.9,-33.5106,-70.7578,open-meteo
2025-06-13T04:00,maipu,87.8,88.9,-33.5106,-70.7578,open-meteo
2025-06-13T05:00,maipu,85.7,87.1,-33.5106,-70.7578,open-meteo
2025-06-13T06:00,maipu,78.7,80.1,-33.5106,-70.7578,open-meteo
2025-06-13T07:00,maipu,70.3,71.7,-33.5106,-70.7578,open-meteo
2025-06-13T08:00,maipu,61.0,62.2,-33.5106,-70.7578,open-meteo
2025-06-13T09:00,maipu,52.5,53.2,-33.5106,-70.7578,open-meteo
2025-06-13T10:00,maipu,46.1,46.6,-33.5106,-70.7578,open-meteo
2025-06-13T11:00,maipu,45.6,46.1,-33.5106,-70.7578,open-meteo
2025-06-13T12:00,maipu,88.0,89.4,-33.5106,-70.7578,open-meteo
2025-06-13T13:00,maipu,112.5,114.1,-33.5106,-70.7578,open-meteo
2025-06-13T14:00,maipu,82.7,85.4,-33.5106,-70.7578,open-meteo
2025-06-13T15:00,maipu,52.0,54.2,-33.5106,-70.7578,open-meteo
2025-06-13T16:00,maipu,55.5,56.2,-33.5106,-70.7578,open-meteo
2025-06-13T17:00,maipu,52.7,52.9,-33.5106,-70.7578,open-meteo
2025-06-13T18:00,maipu,44.8,45.1,-33.5106,-70.7578,open-meteo
2025-06-13T19:00,maipu,39.3,39.6,-33.5106,-70.7578,open-meteo
2025-06-13T20:00,maipu,38.1,38.4,-33.5106,-70.7578,open-meteo
2025-06-13T21:00,maipu,43.0,43.3,-33.5106,-70.7578,open-meteo
2025-06-13T22:00,maipu,55.4,55.8,-33.5106,-70.7578,open-meteo
2025-06-13T23:00,maipu,71.0,71.7,-33.5106,-70.7578,open-meteo
2025-06-14T00:00,maipu,114.3,115.0,-33.5106,-70.7578,open-meteo
2025-06-14T01:00,maipu,116.6,117.3,-33.5106,-70.7578,open-meteo
2025-06-14T02:00,maipu,117.1,118.0,-33.5106,-70.7578,open-meteo
2025-06-14T03:00,maipu,111.3,112.2,-33.5106,-70.7578,open-meteo
2025-06-14T04:00,maipu,100.8,101.3,-33.5106,-70.7578,open-meteo
2025-06-14T05:00,maipu,79.6,79.9,-33.5106,-70.7578,open-meteo
2025-06-14T06:00,maipu,57.7,57.9,-33.5106,-70.7578,open-meteo
2025-06-14T07:00,maipu,40.7,40.9,-33.5106,-70.7578,open-meteo
2025-06-14T08:00,maipu,33.1,33.2,-33.5106,-70.7578,open-meteo
2025-06-14T09:00,maipu,26.3,26.4,-33.5106,-70.7578,open-meteo
2025-06-14T10:00,maipu,22.4,22.6,-33.5106,-70.7578,open-meteo
2025-06-14T11:00,maipu,25.6,25.7,-33.5106,-70.7578,open-meteo
2025-06-14T12:00,maipu,38.3,38.8,-33.5106,-70.7578,open-meteo
2025-06-14T13:00,maipu,48.2,48.7,-33.5106,-70.7578,open-meteo
2025-06-14T14:00,maipu,53.1,53.9,-33.5106,-70.7578,open-meteo
2025-06-14T15:00,maipu,56.9,58.3,-33.5106,-70.7578,open-meteo
2025-06-14T16:00,maipu,58.3,59.8,-33.5106,-70.7578,open-meteo
2025-06-14T17:00,maipu,39.1,39.5,-33.5106,-70.7578,open-meteo
2025-06-14T18:00,maipu,35.5,35.6,-33.5106,-70.7578,open-meteo
2025-06-14T19:00,maipu,44.1,44.2,-33.5106,-70.7578,open-meteo
2025-06-14T20:00,maipu,54.0,54.0,-33.5106,-70.7578,open-meteo
2025-06-14T21:00,maipu,65.2,65.2,-33.5106,-70.7578,open-meteo
2025-06-14T22:00,maipu,77.8,78.0,-33.5106,-70.7578,open-meteo
2025-06-14T23:00,maipu,87.8,88.2,-33.5106,-70.7578,open-meteo
2025-06-15T00:00,maipu,72.9,76.6,-33.5106,-70.7578,open-meteo
2025-06-15T01:00,maipu,86.8,91.0,-33.5106,-70.7578,open-meteo
2025-06-15T02:00,maipu,101.7,106.6,-33.5106,-70.7578,open-meteo
2025-06-15T03:00,maipu,102.2,106.2,-33.5106,-70.7578,open-meteo
2025-06-15T04:00,maipu,90.8,93.4,-33.5106,-70.7578,open-meteo
2025-06-15T05:00,maipu,75.4,77.3,-33.5106,-70.7578,open-meteo
2025-06-15T06:00,maipu,63.6,65.0,-33.5106,-70.7578,open-meteo
2025-06-15T07:00,maipu,54.6,55.8,-33.5106,-70.7578,open-meteo
2025-06-15T08:00,maipu,48.7,49.6,-33.5106,-70.7578,open-meteo
2025-06-15T09:00,maipu,45.5,46.3,-33.5106,-70.7578,open-meteo
2025-06-15T10:00,maipu,45.1,46.0,-33.5106,-70.7578,open-meteo
2025-06-15T11:00,maipu,51.2,52.0,-33.5106,-70.7578,open-meteo
2025-06-15T12:00,maipu,64.3,65.4,-33.5106,-70.7578,open-meteo
2025-06-15T13:00,maipu,74.7,76.1,-33.5106,-70.7578,open-meteo
2025-06-15T14:00,maipu,81.0,82.9,-33.5106,-70.7578,open-meteo
2025-06-15T15:00,maipu,71.2,74.3,-33.5106,-70.7578,open-meteo
2025-06-15T16:00,maipu,34.8,36.3,-33.5106,-70.7578,open-meteo
2025-06-15T17:00,maipu,25.1,25.7,-33.5106,-70.7578,open-meteo
2025-06-15T18:00,maipu,22.2,22.8,-33.5106,-70.7578,open-meteo
2025-06-15T19:00,maipu,21.0,21.5,-33.5106,-70.7578,open-meteo
2025-06-15T20:00,maipu,16.7,17.2,-33.5106,-70.7578,open-meteo
2025-06-15T21:00,maipu,19.6,20.1,-33.5106,-70.7578,open-meteo
2025-06-15T22:00,maipu,21.9,22.4,-33.5106,-70.7578,open-meteo
2025-06-15T23:00,maipu,27.6,28.1,-33.5106,-70.7578,open-meteo
2025-06-16T00:00,maipu,53.4,55.3,-33.5106,-70.7578,open-meteo
2025-06-16T01:00,maipu,60.1,61.9,-33.5106,-70.7578,open-meteo
2025-06-16T02:00,maipu,67.5,69.4,-33.5106,-70.7578,open-meteo
2025-06-16T03:00,maipu,75.2,76.8,-33.5106,-70.7578,open-meteo
2025-06-16T04:00,maipu,50.4,52.6,-33.5106,-70.7578,open-meteo
2025-06-16T05:00,maipu,17.1,18.7,-33.5106,-70.7578,open-meteo
2025-06-16T06:00,maipu,12.8,13.8,-33.5106,-70.7578,open-meteo
2025-06-16T07:00,maipu,10.6,11.3,-33.5106,-70.7578,open-meteo
2025-06-16T08:00,maipu,9.0,9.4,-33.5106,-70.7578,open-meteo
2025-06-16T09:00,maipu,8.9,9.2,-33.5106,-70.7578,open-meteo
2025-06-16T10:00,maipu,10.2,10.4,-33.5106,-70.7578,open-meteo
2025-06-16T11:00,maipu,13.4,13.6,-33.5106,-70.7578,open-meteo
2025-06-16T12:00,maipu,31.0,31.2,-33.5106,-70.7578,open-meteo
2025-06-16T13:00,maipu,43.2,44.1,-33.5106,-70.7578,open-meteo
2025-06-16T14:00,maipu,54.7,55.5,-33.5106,-70.7578,open-meteo
2025-06-16T15:00,maipu,41.7,43.0,-33.5106,-70.7578,open-meteo
2025-06-16T16:00,maipu,35.9,36.7,-33.5106,-70.7578,open-meteo
2025-06-16T17:00,maipu,21.9,22.1,-33.5106,-70.7578,open-meteo
2025-06-16T18:00,maipu,17.8,17.9,-33.5106,-70.7578,open-meteo
2025-06-16T19:00,maipu,15.8,16.0,-33.5106,-70.7578,open-meteo
2025-06-16T20:00,maipu,21.4,21.6,-33.5106,-70.7578,open-meteo
2025-06-16T21:00,maipu,32.6,32.7,-33.5106,-70.7578,open-meteo
2025-06-16T22:00,maipu,37.6,37.7,-33.5106,-70.7578,open-meteo
2025-06-16T23:00,maipu,37.1,37.3,-33.5106,-70.7578,open-meteo
2025-06-17T00:00,maipu,39.5,39.9,-33.5106,-70.7578,open-meteo
2025-06-17T01:00,maipu,30.4,30.9,-33.5106,-70.7578,open-meteo
2025-06-17T02:00,maipu,32.5,32.9,-33.5106,-70.7578,open-meteo
2025-06-17T03:00,maipu,37.5,38.0,-33.5106,-70.7578,open-meteo
2025-06-17T04:00,maipu,40.6,41.4,-33.5106,-70.7578,open-meteo
2025-06-17T05:00,maipu,36.7,37.6,-33.5106,-70.7578,open-meteo
2025-06-17T06:00,maipu,30.7,31.2,-33.5106,-70.7578,open-meteo
2025-06-17T07:00,maipu,25.8,26.2,-33.5106,-70.7578,open-meteo
2025-06-17T08:00,maipu,22.6,22.8,-33.5106,-70.7578,open-meteo
2025-06-17T09:00,maipu,21.0,21.2,-33.5106,-70.7578,open-meteo
2025-06-17T10:00,maipu,22.2,22.4,-33.5106,-70.7578,open-meteo
2025-06-17T11:00,maipu,29.6,29.8,-33.5106,-70.7578,open-meteo
2025-06-17T12:00,maipu,52.6,52.7,-33.5106,-70.7578,open-meteo
2025-06-17T13:00,maipu,66.8,67.3,-33.5106,-70.7578,open-meteo
2025-06-17T14:00,maipu,69.4,70.3,-33.5106,-70.7578,open-meteo
2025-06-17T15:00,maipu,44.1,45.6,-33.5106,-70.7578,open-meteo
2025-06-17T16:00,maipu,42.6,43.2,-33.5106,-70.7578,open-meteo
2025-06-17T17:00,maipu,41.1,41.7,-33.5106,-70.7578,open-meteo
2025-06-17T18:00,maipu,38.6,39.1,-33.5106,-70.7578,open-meteo
2025-06-17T19:00,maipu,36.7,37.3,-33.5106,-70.7578,open-meteo
2025-06-17T20:00,maipu,36.6,37.1,-33.5106,-70.7578,open-meteo
2025-06-17T21:00,maipu,47.5,48.0,-33.5106,-70.7578,open-meteo
2025-06-17T22:00,maipu,57.9,58.3,-33.5106,-70.7578,open-meteo
2025-06-17T23:00,maipu,53.3,53.9,-33.5106,-70.7578,open-meteo
2025-06-18T00:00,maipu,47.8,48.1,-33.5106,-70.7578,open-meteo
2025-06-18T01:00,maipu,55.5,55.8,-33.5106,-70.7578,open-meteo
2025-06-18T02:00,maipu,56.0,56.2,-33.5106,-70.7578,open-meteo
2025-06-18T03:00,maipu,55.4,55.5,-33.5106,-70.7578,open-meteo
2025-06-18T04:00,maipu,54.1,54.1,-33.5106,-70.7578,open-meteo
2025-06-18T05:00,maipu,44.6,44.7,-33.5106,-70.7578,open-meteo
2025-06-18T06:00,maipu,34.0,34.0,-33.5106,-70.7578,open-meteo
2025-06-18T07:00,maipu,26.1,26.1,-33.5106,-70.7578,open-meteo
2025-06-18T08:00,maipu,20.3,20.3,-33.5106,-70.7578,open-meteo
2025-06-18T09:00,maipu,16.8,16.9,-33.5106,-70.7578,open-meteo
2025-06-18T10:00,maipu,13.1,13.4,-33.5106,-70.7578,open-meteo
2025-06-18T11:00,maipu,15.8,16.1,-33.5106,-70.7578,open-meteo
2025-06-18T12:00,maipu,23.1,23.1,-33.5106,-70.7578,open-meteo
2025-06-18T13:00,maipu,38.1,38.2,-33.5106,-70.7578,open-meteo
2025-06-18T14:00,maipu,43.0,43.7,-33.5106,-70.7578,open-meteo
2025-06-18T15:00,maipu,53.4,54.8,-33.5106,-70.7578,open-meteo
2025-06-18T16:00,maipu,46.0,46.6,-33.5106,-70.7578,open-meteo
2025-06-18T17:00,maipu,38.5,38.5,-33.5106,-70.7578,open-meteo
2025-06-18T18:00,maipu,36.9,37.0,-33.5106,-70.7578,open-meteo
2025-06-18T19:00,maipu,37.4,37.4,-33.5106,-70.7578,open-meteo
2025-06-18T20:00,maipu,41.4,41.4,-33.5106,-70.7578,open-meteo
2025-06-18T21:00,maipu,68.2,68.5,-33.5106,-70.7578,open-meteo
2025-06-18T22:00,maipu,93.1,93.4,-33.5106,-70.7578,open-meteo
2025-06-18T23:00,maipu,107.8,109.0,-33.5106,-70.7578,open-meteo
2025-06-19T00:00,maipu,106.6,108.5,-33.5106,-70.7578,open-meteo
2025-06-19T01:00,maipu,101.0,105.2,-33.5106,-70.7578,open-meteo
2025-06-19T02:00,maipu,96.2,99.9,-33.5106,-70.7578,open-meteo
2025-06-19T03:00,maipu,90.1,92.7,-33.5106,-70.7578,open-meteo
2025-06-19T04:00,maipu,79.6,81.3,-33.5106,-70.7578,open-meteo
2025-06-19T05:00,maipu,65.9,67.1,-33.5106,-70.7578,open-meteo
2025-06-19T06:00,maipu,53.4,54.4,-33.5106,-70.7578,open-meteo
2025-06-19T07:00,maipu,43.3,44.0,-33.5106,-70.7578,open-meteo
2025-06-19T08:00,maipu,35.0,35.6,-33.5106,-70.7578,open-meteo
2025-06-19T09:00,maipu,28.6,29.0,-33.5106,-70.7578,open-meteo
2025-06-19T10:00,maipu,25.1,25.4,-33.5106,-70.7578,open-meteo
2025-06-19T11:00,maipu,28.9,29.2,-33.5106,-70.7578,open-meteo
2025-06-19T12:00,maipu,43.3,43.3,-33.5106,-70.7578,open-meteo
2025-06-19T13:00,maipu,61.9,61.9,-33.5106,-70.7578,open-meteo
2025-06-19T14:00,maipu,73.6,74.0,-33.5106,-70.7578,open-meteo
2025-06-19T15:00,maipu,68.9,70.5,-33.5106,-70.7578,open-meteo
2025-06-19T16:00,maipu,51.0,52.3,-33.5106,-70.7578,open-meteo
2025-06-19T17:00,maipu,44.7,44.9,-33.5106,-70.7578,open-meteo
2025-06-19T18:00,maipu,44.4,44.6,-33.5106,-70.7578,open-meteo
2025-06-19T19:00,maipu,44.6,44.8,-33.5106,-70.7578,open-meteo
2025-06-19T20:00,maipu,50.9,51.1,-33.5106,-70.7578,open-meteo
2025-06-19T21:00,maipu,66.1,66.4,-33.5106,-70.7578,open-meteo
2025-06-19T22:00,maipu,89.2,89.4,-33.5106,-70.7578,open-meteo
2025-06-19T23:00,maipu,105.2,105.9,-33.5106,-70.7578,open-meteo
2025-06-20T00:00,maipu,113.9,116.6,-33.5106,-70.7578,open-meteo
2025-06-20T01:00,maipu,112.9,117.1,-33.5106,-70.7578,open-meteo
2025-06-20T02:00,maipu,108.5,113.2,-33.5106,-70.7578,open-meteo
2025-06-20T03:00,maipu,103.6,108.0,-33.5106,-70.7578,open-meteo
2025-06-20T04:00,maipu,94.5,98.5,-33.5106,-70.7578,open-meteo
2025-06-20T05:00,maipu,80.1,83.4,-33.5106,-70.7578,open-meteo
2025-06-20T06:00,maipu,66.4,68.9,-33.5106,-70.7578,open-meteo
2025-06-20T07:00,maipu,54.6,56.1,-33.5106,-70.7578,open-meteo
2025-06-20T08:00,maipu,44.7,45.5,-33.5106,-70.7578,open-meteo
2025-06-20T09:00,maipu,36.8,37.4,-33.5106,-70.7578,open-meteo
2025-06-20T10:00,maipu,31.8,32.1,-33.5106,-70.7578,open-meteo
2025-06-20T11:00,maipu,34.1,34.3,-33.5106,-70.7578,open-meteo
2025-06-20T12:00,maipu,48.5,48.7,-33.5106,-70.7578,open-meteo
2025-06-20T13:00,maipu,61.5,61.5,-33.5106,-70.7578,open-meteo
2025-06-20T14:00,maipu,71.5,71.9,-33.5106,-70.7578,open-meteo
2025-06-20T15:00,maipu,76.1,77.5,-33.5106,-70.7578,open-meteo
2025-06-20T16:00,maipu,87.8,90.1,-33.5106,-70.7578,open-meteo
2025-06-20T17:00,maipu,58.7,59.4,-33.5106,-70.7578,open-meteo
2025-06-20T18:00,maipu,50.9,51.0,-33.5106,-70.7578,open-meteo
2025-06-20T19:00,maipu,52.4,52.4,-33.5106,-70.7578,open-meteo
2025-06-20T20:00,maipu,56.9,56.9,-33.5106,-70.7578,open-meteo
2025-06-20T21:00,maipu,70.8,70.8,-33.5106,-70.7578,open-meteo
2025-06-20T22:00,maipu,85.9,85.9,-33.5106,-70.7578,open-meteo
2025-06-20T23:00,maipu,100.8,100.8,-33.5106,-70.7578,open-meteo
2025-06-21T00:00,maipu,89.4,89.4,-33.5106,-70.7578,open-meteo
2025-06-21T01:00,maipu,89.4,91.5,-33.5106,-70.7578,open-meteo
2025-06-21T02:00,maipu,97.8,99.9,-33.5106,-70.7578,open-meteo
2025-06-21T03:00,maipu,102.2,104.3,-33.5106,-70.7578,open-meteo
2025-06-21T04:00,maipu,98.3,100.4,-33.5106,-70.7578,open-meteo
2025-06-21T05:00,maipu,91.0,93.4,-33.5106,-70.7578,open-meteo
2025-06-21T06:00,maipu,79.4,82.0,-33.5106,-70.7578,open-meteo
2025-06-21T07:00,maipu,67.1,69.2,-33.5106,-70.7578,open-meteo
2025-06-21T08:00,maipu,57.0,58.9,-33.5106,-70.7578,open-meteo
2025-06-21T09:00,maipu,50.1,51.5,-33.5106,-70.7578,open-meteo
2025-06-21T10:00,maipu,47.0,48.7,-33.5106,-70.7578,open-meteo
2025-06-21T11:00,maipu,51.3,53.1,-33.5106,-70.7578,open-meteo
2025-06-21T12:00,maipu,66.8,68.7,-33.5106,-70.7578,open-meteo
2025-06-21T13:00,maipu,88.7,90.6,-33.5106,-70.7578,open-meteo
2025-06-21T14:00,maipu,93.1,96.2,-33.5106,-70.7578,open-meteo
2025-06-21T15:00,maipu,70.1,72.4,-33.5106,-70.7578,open-meteo
2025-06-21T16:00,maipu,77.3,78.0,-33.5106,-70.7578,open-meteo
2025-06-21T17:00,maipu,83.8,83.8,-33.5106,-70.7578,open-meteo
2025-06-21T18:00,maipu,76.4,76.4,-33.5106,-70.7578,open-meteo
2025-06-21T19:00,maipu,76.1,76.1,-33.5106,-70.7578,open-meteo
2025-06-21T20:00,maipu,80.6,80.8,-33.5106,-70.7578,open-meteo
2025-06-21T21:00,maipu,87.8,87.8,-33.5106,-70.7578,open-meteo
2025-06-21T22:00,maipu,98.7,98.7,-33.5106,-70.7578,open-meteo
2025-06-21T23:00,maipu,108.7,109.0,-33.5106,-70.7578,open-meteo
2025-06-22T00:00,maipu,116.2,116.2,-33.5106,-70.7578,open-meteo
2025-06-22T01:00,maipu,107.6,107.6,-33.5106,-70.7578,open-meteo
2025-06-22T02:00,maipu,92.4,92.4,-33.5106,-70.7578,open-meteo
2025-06-22T03:00,maipu,85.2,85.2,-33.5106,-70.7578,open-meteo
2025-06-22T04:00,maipu,83.6,83.6,-33.5106,-70.7578,open-meteo
2025-06-22T05:00,maipu,83.8,83.8,-33.5106,-70.7578,open-meteo
2025-06-22T06:00,maipu,88.2,88.2,-33.5106,-70.7578,open-meteo
2025-06-22T07:00,maipu,86.8,86.8,-33.5106,-70.7578,open-meteo
2025-06-22T08:00,maipu,84.3,84.3,-33.5106,-70.7578,open-meteo
2025-06-22T09:00,maipu,79.2,79.2,-33.5106,-70.7578,open-meteo
2025-06-22T10:00,maipu,74.0,74.0,-33.5106,-70.7578,open-meteo
2025-06-22T11:00,maipu,78.5,78.5,-33.5106,-70.7578,open-meteo
2025-06-22T12:00,maipu,80.3,80.6,-33.5106,-70.7578,open-meteo
2025-06-22T13:00,maipu,80.3,81.0,-33.5106,-70.7578,open-meteo
2025-06-22T14:00,maipu,71.2,71.2,-33.5106,-70.7578,open-meteo
2025-06-22T15:00,maipu,71.7,71.7,-33.5106,-70.7578,open-meteo
2025-06-22T16:00,maipu,66.8,66.8,-33.5106,-70.7578,open-meteo
2025-06-22T17:00,maipu,56.9,56.9,-33.5106,-70.7578,open-meteo
2025-06-22T18:00,maipu,50.2,50.2,-33.5106,-70.7578,open-meteo
2025-06-22T19:00,maipu,44.4,44.4,-33.5106,-70.7578,open-meteo
2025-06-22T20:00,maipu,40.9,41.0,-33.5106,-70.7578,open-meteo
2025-06-22T21:00,maipu,43.8,43.9,-33.5106,-70.7578,open-meteo
2025-06-22T22:00,maipu,54.0,54.0,-33.5106,-70.7578,open-meteo
2025-06-22T23:00,maipu,64.0,64.3,-33.5106,-70.7578,open-meteo
2025-06-23T00:00,maipu,82.7,82.7,-33.5106,-70.7578,open-meteo
2025-06-23T01:00,maipu,83.8,84.1,-33.5106,-70.7578,open-meteo
2025-06-23T02:00,maipu,85.7,85.9,-33.5106,-70.7578,open-meteo
2025-06-23T03:00,maipu,88.2,89.2,-33.5106,-70.7578,open-meteo
2025-06-23T04:00,maipu,86.4,87.8,-33.5106,-70.7578,open-meteo
2025-06-23T05:00,maipu,79.4,80.8,-33.5106,-70.7578,open-meteo
2025-06-23T06:00,maipu,72.2,73.3,-33.5106,-70.7578,open-meteo
2025-06-23T07:00,maipu,66.4,67.3,-33.5106,-70.7578,open-meteo
2025-06-23T08:00,maipu,60.5,61.5,-33.5106,-70.7578,open-meteo
2025-06-23T09:00,maipu,53.2,54.1,-33.5106,-70.7578,open-meteo
2025-06-23T10:00,maipu,44.6,45.6,-33.5106,-70.7578,open-meteo
2025-06-23T11:00,maipu,41.4,42.4,-33.5106,-70.7578,open-meteo
2025-06-23T12:00,maipu,31.2,32.0,-33.5106,-70.7578,open-meteo
2025-06-23T13:00,maipu,42.0,42.6,-33.5106,-70.7578,open-meteo
2025-06-23T14:00,maipu,50.4,51.5,-33.5106,-70.7578,open-meteo
2025-06-23T15:00,maipu,45.8,47.4,-33.5106,-70.7578,open-meteo
2025-06-23T16:00,maipu,40.0,41.1,-33.5106,-70.7578,open-meteo
2025-06-23T17:00,maipu,38.8,39.0,-33.5106,-70.7578,open-meteo
2025-06-23T18:00,maipu,38.0,38.1,-33.5106,-70.7578,open-meteo
2025-06-23T19:00,maipu,36.9,37.1,-33.5106,-70.7578,open-meteo
2025-06-23T20:00,maipu,36.6,36.8,-33.5106,-70.7578,open-meteo
2025-06-23T21:00,maipu,47.1,47.3,-33.5106,-70.7578,open-meteo
2025-06-23T22:00,maipu,68.0,68.2,-33.5106,-70.7578,open-meteo
2025-06-23T23:00,maipu,86.6,87.3,-33.5106,-70.7578,open-meteo
2025-06-24T00:00,maipu,99.2,100.8,-33.5106,-70.7578,open-meteo
2025-06-24T01:00,maipu,105.0,107.3,-33.5106,-70.7578,open-meteo
2025-06-24T02:00,maipu,108.3,111.1,-33.5106,-70.7578,open-meteo
2025-06-24T03:00,maipu,105.7,108.3,-33.5106,-70.7578,open-meteo
2025-06-24T04:00,maipu,96.4,98.5,-33.5106,-70.7578,open-meteo
2025-06-24T05:00,maipu,81.5,82.7,-33.5106,-70.7578,open-meteo
2025-06-24T06:00,maipu,65.9,66.8,-33.5106,-70.7578,open-meteo
2025-06-24T07:00,maipu,52.2,52.9,-33.5106,-70.7578,open-meteo
2025-06-24T08:00,maipu,40.9,41.4,-33.5106,-70.7578,open-meteo
2025-06-24T09:00,maipu,32.2,32.7,-33.5106,-70.7578,open-meteo
2025-06-24T10:00,maipu,27.1,27.4,-33.5106,-70.7578,open-meteo
2025-06-24T11:00,maipu,29.6,29.9,-33.5106,-70.7578,open-meteo
2025-06-24T12:00,maipu,39.1,39.1,-33.5106,-70.7578,open-meteo
2025-06-24T13:00,maipu,57.9,57.9,-33.5106,-70.7578,open-meteo
2025-06-24T14:00,maipu,68.5,68.9,-33.5106,-70.7578,open-meteo
2025-06-24T15:00,maipu,73.3,74.7,-33.5106,-70.7578,open-meteo
2025-06-24T16:00,maipu,71.7,73.6,-33.5106,-70.7578,open-meteo
2025-06-24T17:00,maipu,43.2,43.5,-33.5106,-70.7578,open-meteo
2025-06-24T18:00,maipu,39.9,40.0,-33.5106,-70.7578,open-meteo
2025-06-24T19:00,maipu,41.7,41.7,-33.5106,-70.7578,open-meteo
2025-06-24T20:00,maipu,45.9,46.0,-33.5106,-70.7578,open-meteo
2025-06-24T21:00,maipu,59.1,59.3,-33.5106,-70.7578,open-meteo
2025-06-24T22:00,maipu,69.8,70.3,-33.5106,-70.7578,open-meteo
2025-06-24T23:00,maipu,78.0,79.6,-33.5106,-70.7578,open-meteo
2025-06-25T00:00,maipu,79.9,82.0,-33.5106,-70.7578,open-meteo
2025-06-25T01:00,maipu,70.1,71.9,-33.5106,-70.7578,open-meteo
2025-06-25T02:00,maipu,73.8,75.4,-33.5106,-70.7578,open-meteo
2025-06-25T03:00,maipu,76.1,77.5,-33.5106,-70.7578,open-meteo
2025-06-25T04:00,maipu,68.2,69.4,-33.5106,-70.7578,open-meteo
2025-06-25T05:00,maipu,64.3,65.2,-33.5106,-70.7578,open-meteo
2025-06-25T06:00,maipu,63.8,65.0,-33.5106,-70.7578,open-meteo
2025-06-25T07:00,maipu,64.0,65.9,-33.5106,-70.7578,open-meteo
2025-06-25T08:00,maipu,62.9,65.0,-33.5106,-70.7578,open-meteo
2025-06-25T09:00,maipu,61.0,63.1,-33.5106,-70.7578,open-meteo
2025-06-25T10:00,maipu,60.8,63.1,-33.5106,-70.7578,open-meteo
2025-06-25T11:00,maipu,65.9,68.2,-33.5106,-70.7578,open-meteo
2025-06-25T12:00,maipu,66.6,67.8,-33.5106,-70.7578,open-meteo
2025-06-25T13:00,maipu,85.4,86.6,-33.5106,-70.7578,open-meteo
2025-06-25T14:00,maipu,99.9,101.5,-33.5106,-70.7578,open-meteo
2025-06-25T15:00,maipu,94.5,96.9,-33.5106,-70.7578,open-meteo
2025-06-25T16:00,maipu,71.7,71.9,-33.5106,-70.7578,open-meteo
2025-06-25T17:00,maipu,69.8,70.1,-33.5106,-70.7578,open-meteo
2025-06-25T18:00,maipu,71.9,72.2,-33.5106,-70.7578,open-meteo
2025-06-25T19:00,maipu,71.7,71.7,-33.5106,-70.7578,open-meteo
2025-06-25T20:00,maipu,68.2,68.2,-33.5106,-70.7578,open-meteo
2025-06-25T21:00,maipu,66.1,66.1,-33.5106,-70.7578,open-meteo
2025-06-25T22:00,maipu,74.7,74.7,-33.5106,-70.7578,open-meteo
2025-06-25T23:00,maipu,81.3,81.3,-33.5106,-70.7578,open-meteo
2025-06-26T00:00,maipu,68.7,68.9,-33.5106,-70.7578,open-meteo
2025-06-26T01:00,maipu,78.9,79.2,-33.5106,-70.7578,open-meteo
2025-06-26T02:00,maipu,77.5,77.8,-33.5106,-70.7578,open-meteo
2025-06-26T03:00,maipu,69.4,69.4,-33.5106,-70.7578,open-meteo
2025-06-26T04:00,maipu,67.3,67.3,-33.5106,-70.7578,open-meteo
2025-06-26T05:00,maipu,67.1,67.1,-33.5106,-70.7578,open-meteo
2025-06-26T06:00,maipu,65.7,65.7,-33.5106,-70.7578,open-meteo
2025-06-26T07:00,maipu,65.4,65.7,-33.5106,-70.7578,open-meteo
2025-06-26T08:00,maipu,68.2,68.5,-33.5106,-70.7578,open-meteo
2025-06-26T09:00,maipu,69.2,69.8,-33.5106,-70.7578,open-meteo
2025-06-26T10:00,maipu,67.8,68.5,-33.5106,-70.7578,open-meteo
2025-06-26T11:00,maipu,68.9,69.6,-33.5106,-70.7578,open-meteo
2025-06-26T12:00,maipu,80.6,83.1,-33.5106,-70.7578,open-meteo
2025-06-26T13:00,maipu,75.7,78.5,-33.5106,-70.7578,open-meteo
2025-06-26T14:00,maipu,67.1,68.9,-33.5106,-70.7578,open-meteo
2025-06-26T15:00,maipu,68.5,69.4,-33.5106,-70.7578,open-meteo
2025-06-26T16:00,maipu,62.9,63.6,-33.5106,-70.7578,open-meteo
2025-06-26T17:00,maipu,51.9,52.6,-33.5106,-70.7578,open-meteo
2025-06-26T18:00,maipu,46.0,46.4,-33.5106,-70.7578,open-meteo
2025-06-26T19:00,maipu,43.7,44.0,-33.5106,-70.7578,open-meteo
2025-06-26T20:00,maipu,45.1,45.4,-33.5106,-70.7578,open-meteo
2025-06-26T21:00,maipu,59.8,60.1,-33.5106,-70.7578,open-meteo
2025-06-26T22:00,maipu,82.4,82.9,-33.5106,-70.7578,open-meteo
2025-06-26T23:00,maipu,98.7,99.2,-33.5106,-70.7578,open-meteo
2025-06-27T00:00,maipu,111.1,111.5,-33.5106,-70.7578,open-meteo
2025-06-27T01:00,maipu,105.7,106.4,-33.5106,-70.7578,open-meteo
2025-06-27T02:00,maipu,105.5,106.4,-33.5106,-70.7578,open-meteo
2025-06-27T03:00,maipu,102.9,103.8,-33.5106,-70.7578,open-meteo
2025-06-27T04:00,maipu,97.6,98.3,-33.5106,-70.7578,open-meteo
2025-06-27T05:00,maipu,87.8,88.2,-33.5106,-70.7578,open-meteo
2025-06-27T06:00,maipu,76.6,76.8,-33.5106,-70.7578,open-meteo
2025-06-27T07:00,maipu,65.4,65.9,-33.5106,-70.7578,open-meteo
2025-06-27T08:00,maipu,54.9,55.1,-33.5106,-70.7578,open-meteo
2025-06-27T09:00,maipu,46.0,46.2,-33.5106,-70.7578,open-meteo
2025-06-27T10:00,maipu,39.9,40.3,-33.5106,-70.7578,open-meteo
2025-06-27T11:00,maipu,41.1,41.4,-33.5106,-70.7578,open-meteo
2025-06-27T12:00,maipu,49.5,49.6,-33.5106,-70.7578,open-meteo
2025-06-27T13:00,maipu,61.5,61.7,-33.5106,-70.7578,open-meteo
2025-06-27T14:00,maipu,84.1,84.8,-33.5106,-70.7578,open-meteo
2025-06-27T15:00,maipu,67.1,68.9,-33.5106,-70.7578,open-meteo
2025-06-27T16:00,maipu,53.9,55.4,-33.5106,-70.7578,open-meteo
2025-06-27T17:00,maipu,57.0,57.4,-33.5106,-70.7578,open-meteo
2025-06-27T18:00,maipu,59.8,59.8,-33.5106,-70.7578,open-meteo
2025-06-27T19:00,maipu,64.5,64.5,-33.5106,-70.7578,open-meteo
2025-06-27T20:00,maipu,68.9,68.9,-33.5106,-70.7578,open-meteo
2025-06-27T21:00,maipu,73.8,73.8,-33.5106,-70.7578,open-meteo
2025-06-27T22:00,maipu,75.7,75.9,-33.5106,-70.7578,open-meteo
2025-06-27T23:00,maipu,82.7,82.9,-33.5106,-70.7578,open-meteo
2025-06-28T00:00,maipu,76.8,77.8,-33.5106,-70.7578,open-meteo
2025-06-28T01:00,maipu,79.9,81.0,-33.5106,-70.7578,open-meteo
2025-06-28T02:00,maipu,87.8,88.7,-33.5106,-70.7578,open-meteo
2025-06-28T03:00,maipu,85.0,85.9,-33.5106,-70.7578,open-meteo
2025-06-28T04:00,maipu,85.0,85.9,-33.5106,-70.7578,open-meteo
2025-06-28T05:00,maipu,85.9,87.1,-33.5106,-70.7578,open-meteo
2025-06-28T06:00,maipu,88.0,88.9,-33.5106,-70.7578,open-meteo
2025-06-28T07:00,maipu,86.4,87.5,-33.5106,-70.7578,open-meteo
2025-06-28T08:00,maipu,84.8,85.7,-33.5106,-70.7578,open-meteo
2025-06-28T09:00,maipu,80.3,81.0,-33.5106,-70.7578,open-meteo
2025-06-28T10:00,maipu,76.8,77.8,-33.5106,-70.7578,open-meteo
2025-06-28T11:00,maipu,78.0,78.9,-33.5106,-70.7578,open-meteo
2025-06-28T12:00,maipu,42.6,44.4,-33.5106,-70.7578,open-meteo
2025-06-28T13:00,maipu,48.1,50.3,-33.5106,-70.7578,open-meteo
2025-06-28T14:00,maipu,56.1,58.3,-33.5106,-70.7578,open-meteo
2025-06-28T15:00,maipu,65.7,67.5,-33.5106,-70.7578,open-meteo
2025-06-28T16:00,maipu,71.0,71.5,-33.5106,-70.7578,open-meteo
2025-06-28T17:00,maipu,71.7,71.9,-33.5106,-70.7578,open-meteo
2025-06-28T18:00,maipu,66.4,66.6,-33.5106,-70.7578,open-meteo
2025-06-28T19:00,maipu,60.1,60.3,-33.5106,-70.7578,open-meteo
2025-06-28T20:00,maipu,58.6,58.7,-33.5106,-70.7578,open-meteo
2025-06-28T21:00,maipu,68.7,68.7,-33.5106,-70.7578,open-meteo
2025-06-28T22:00,maipu,76.8,76.8,-33.5106,-70.7578,open-meteo
2025-06-28T23:00,maipu,80.8,81.0,-33.5106,-70.7578,open-meteo
2025-06-29T00:00,maipu,88.5,88.7,-33.5106,-70.7578,open-meteo
2025-06-29T01:00,maipu,67.5,67.8,-33.5106,-70.7578,open-meteo
2025-06-29T02:00,maipu,69.2,69.4,-33.5106,-70.7578,open-meteo
2025-06-29T03:00,maipu,73.1,73.3,-33.5106,-70.7578,open-meteo
2025-06-29T04:00,maipu,79.4,79.6,-33.5106,-70.7578,open-meteo
2025-06-29T05:00,maipu,79.9,79.9,-33.5106,-70.7578,open-meteo
2025-06-29T06:00,maipu,71.2,71.5,-33.5106,-70.7578,open-meteo
2025-06-29T07:00,maipu,62.6,62.6,-33.5106,-70.7578,open-meteo
2025-06-29T08:00,maipu,52.6,52.9,-33.5106,-70.7578,open-meteo
2025-06-29T09:00,maipu,43.7,43.9,-33.5106,-70.7578,open-meteo
2025-06-29T10:00,maipu,39.0,39.2,-33.5106,-70.7578,open-meteo
2025-06-29T11:00,maipu,42.3,42.8,-33.5106,-70.7578,open-meteo
2025-06-29T12:00,maipu,39.2,39.7,-33.5106,-70.7578,open-meteo
2025-06-29T13:00,maipu,53.1,53.3,-33.5106,-70.7578,open-meteo
2025-06-29T14:00,maipu,56.9,57.7,-33.5106,-70.7578,open-meteo
2025-06-29T15:00,maipu,49.2,50.5,-33.5106,-70.7578,open-meteo
2025-06-29T16:00,maipu,40.9,41.3,-33.5106,-70.7578,open-meteo
2025-06-29T17:00,maipu,43.0,43.0,-33.5106,-70.7578,open-meteo
2025-06-29T18:00,maipu,44.5,44.5,-33.5106,-70.7578,open-meteo
2025-06-29T19:00,maipu,42.5,42.5,-33.5106,-70.7578,open-meteo
2025-06-29T20:00,maipu,41.0,41.0,-33.5106,-70.7578,open-meteo
2025-06-29T21:00,maipu,46.9,46.9,-33.5106,-70.7578,open-meteo
2025-06-29T22:00,maipu,67.5,67.5,-33.5106,-70.7578,open-meteo
2025-06-29T23:00,maipu,88.7,88.7,-33.5106,-70.7578,open-meteo
2025-06-30T00:00,maipu,117.1,117.1,-33.5106,-70.7578,open-meteo
2025-06-30T01:00,maipu,122.5,122.5,-33.5106,-70.7578,open-meteo
2025-06-30T02:00,maipu,127.6,127.6,-33.5106,-70.7578,open-meteo
2025-06-30T03:00,maipu,132.2,132.2,-33.5106,-70.7578,open-meteo
2025-06-30T04:00,maipu,125.7,127.1,-33.5106,-70.7578,open-meteo
2025-06-30T05:00,maipu,110.8,112.5,-33.5106,-70.7578,open-meteo
2025-06-30T06:00,maipu,93.4,95.2,-33.5106,-70.7578,open-meteo
2025-06-30T07:00,maipu,77.3,79.2,-33.5106,-70.7578,open-meteo
2025-06-30T08:00,maipu,62.9,64.5,-33.5106,-70.7578,open-meteo
2025-06-30T09:00,maipu,51.1,52.0,-33.5106,-70.7578,open-meteo
2025-06-30T10:00,maipu,43.1,43.7,-33.5106,-70.7578,open-meteo
2025-06-30T11:00,maipu,43.2,43.5,-33.5106,-70.7578,open-meteo
2025-06-30T12:00,maipu,56.7,57.0,-33.5106,-70.7578,open-meteo
2025-06-30T13:00,maipu,71.7,72.2,-33.5106,-70.7578,open-meteo
2025-06-30T14:00,maipu,85.7,86.4,-33.5106,-70.7578,open-meteo
2025-06-30T15:00,maipu,96.4,98.0,-33.5106,-70.7578,open-meteo
2025-06-30T16:00,maipu,85.7,88.0,-33.5106,-70.7578,open-meteo
2025-06-30T17:00,maipu,70.3,71.5,-33.5106,-70.7578,open-meteo
2025-06-30T18:00,maipu,64.5,64.7,-33.5106,-70.7578,open-meteo
2025-06-30T19:00,maipu,69.4,69.4,-33.5106,-70.7578,open-meteo
2025-06-30T20:00,maipu,83.6,83.6,-33.5106,-70.7578,open-meteo
2025-06-30T21:00,maipu,102.2,102.4,-33.5106,-70.7578,open-meteo
2025-06-30T22:00,maipu,112.0,112.7,-33.5106,-70.7578,open-meteo
2025-06-30T23:00,maipu,118.5,120.6,-33.5106,-70.7578,open-meteo
